n_estimators,50,50,100,100,150,150,200,200,250,250,300,300,350,350,400,400,450,450,500,500
max_features,sqrt,log2,sqrt,log2,sqrt,log2,sqrt,log2,sqrt,log2,sqrt,log2,sqrt,log2,sqrt,log2,sqrt,log2,sqrt,log2
0,0.525,0.5125,0.4875,0.4875,0.5,0.4875,0.5,0.5125,0.5125,0.5,0.525,0.525,0.5375,0.5375,0.55,0.5375,0.5375,0.525,0.525,0.5125
1,0.5125,0.5125,0.5,0.5375,0.525,0.525,0.525,0.5125,0.5125,0.525,0.525,0.525,0.5375,0.5375,0.5375,0.525,0.525,0.5375,0.5375,0.55
2,0.7125,0.7,0.6875,0.7,0.7,0.7,0.6875,0.6875,0.675,0.6625,0.7,0.7,0.6875,0.6875,0.675,0.65,0.675,0.65,0.6625,0.6375
3,0.5625,0.525,0.5375,0.5625,0.5625,0.5625,0.55,0.55,0.55,0.55,0.575,0.5875,0.575,0.575,0.575,0.575,0.575,0.575,0.5625,0.575
4,0.7,0.7,0.6875,0.7125,0.7,0.7125,0.6875,0.675,0.6875,0.6875,0.65,0.6625,0.675,0.675,0.675,0.675,0.6625,0.6625,0.675,0.6875
5,0.6,0.6125,0.6125,0.6125,0.6,0.6,0.5875,0.5875,0.5875,0.5875,0.5875,0.5875,0.575,0.6125,0.6125,0.6,0.6,0.5875,0.5875,0.5875
6,0.5375,0.55,0.5875,0.6,0.575,0.5625,0.6,0.575,0.575,0.5875,0.525,0.5125,0.5375,0.5625,0.575,0.5375,0.5875,0.6,0.5875,0.575
7,0.65,0.65,0.6625,0.6625,0.6625,0.65,0.675,0.6625,0.6625,0.65,0.6625,0.6625,0.675,0.675,0.65,0.6625,0.6625,0.6625,0.6625,0.6625
8,0.625,0.5875,0.6125,0.65,0.65,0.6375,0.6375,0.6375,0.65,0.65,0.625,0.65,0.65,0.6375,0.6375,0.6375,0.6375,0.6375,0.6375,0.65
9,0.6375,0.7,0.6375,0.675,0.6375,0.65,0.65,0.6625,0.65,0.65,0.6375,0.6375,0.6375,0.6625,0.675,0.65,0.6625,0.6625,0.6625,0.65
10,0.5,0.5375,0.5375,0.525,0.525,0.55,0.5375,0.55,0.55,0.5375,0.5375,0.55,0.5125,0.525,0.5125,0.525,0.525,0.5375,0.55,0.5375
11,0.7375,0.7375,0.7375,0.7375,0.7375,0.7375,0.7375,0.7375,0.7375,0.75,0.7375,0.725,0.725,0.7125,0.7125,0.725,0.725,0.725,0.725,0.7125
12,0.5875,0.6,0.5625,0.5875,0.575,0.5875,0.5875,0.6,0.5875,0.6,0.55,0.6,0.625,0.6,0.6,0.575,0.5875,0.6,0.6,0.6
13,0.6,0.6,0.6,0.6125,0.6,0.6,0.6,0.6,0.6,0.6,0.625,0.6125,0.5875,0.5875,0.5875,0.5875,0.5875,0.5875,0.5875,0.5875
14,0.6875,0.6875,0.6625,0.6625,0.6625,0.6625,0.6625,0.6625,0.65,0.65,0.625,0.625,0.65,0.6375,0.65,0.6625,0.65,0.6625,0.6625,0.65
15,0.6,0.5875,0.575,0.55,0.5375,0.5375,0.575,0.5625,0.5625,0.575,0.575,0.5625,0.55,0.5625,0.5625,0.5625,0.5625,0.5625,0.5625,0.5625
16,0.5375,0.5375,0.525,0.525,0.55,0.5625,0.575,0.575,0.5625,0.5625,0.575,0.5625,0.6,0.5875,0.5875,0.575,0.55,0.5625,0.5625,0.575
17,0.6875,0.6625,0.675,0.7,0.7,0.6875,0.675,0.6875,0.675,0.675,0.65,0.65,0.675,0.6875,0.675,0.7,0.6875,0.6875,0.6875,0.675
18,0.7125,0.6875,0.7125,0.725,0.725,0.725,0.725,0.725,0.7375,0.75,0.75,0.725,0.7375,0.7375,0.7375,0.7375,0.7375,0.7375,0.7375,0.7375
19,0.675,0.7,0.725,0.7,0.7125,0.7,0.7,0.7,0.7,0.7,0.6875,0.6875,0.7,0.7125,0.7125,0.7125,0.6875,0.6875,0.6875,0.7
20,0.625,0.6,0.625,0.6375,0.65,0.65,0.6625,0.675,0.675,0.675,0.65,0.625,0.625,0.65,0.65,0.6375,0.6375,0.6375,0.6375,0.6375
21,0.5875,0.6125,0.5875,0.625,0.6125,0.625,0.6625,0.6625,0.6625,0.65,0.6625,0.6375,0.6375,0.6375,0.625,0.625,0.6,0.6125,0.625,0.625
22,0.7125,0.7125,0.7,0.6875,0.7,0.7,0.7,0.7,0.6875,0.7,0.675,0.6875,0.7125,0.6875,0.6875,0.6875,0.6875,0.6875,0.7,0.6875
23,0.65,0.6625,0.675,0.6875,0.6625,0.6625,0.6625,0.6625,0.6625,0.6625,0.6625,0.65,0.6625,0.6625,0.6625,0.6625,0.6625,0.6625,0.6625,0.6625
24,0.6375,0.625,0.6125,0.6125,0.6125,0.6,0.6,0.6,0.6,0.6,0.6125,0.5875,0.5875,0.6,0.6,0.5875,0.6,0.6,0.6125,0.6125
25,0.65,0.625,0.625,0.625,0.625,0.6,0.625,0.6125,0.625,0.6125,0.625,0.6125,0.65,0.6375,0.6375,0.6375,0.6375,0.6375,0.6375,0.65
26,0.65,0.6875,0.675,0.6875,0.6875,0.6875,0.6875,0.6875,0.6875,0.6875,0.6375,0.675,0.675,0.7,0.6875,0.6875,0.6875,0.6875,0.6875,0.6875
27,0.525,0.5375,0.5375,0.5375,0.5375,0.525,0.525,0.525,0.525,0.525,0.525,0.55,0.525,0.5375,0.525,0.525,0.5125,0.5125,0.5375,0.5125
28,0.6875,0.675,0.675,0.6625,0.675,0.6625,0.6625,0.675,0.675,0.6875,0.6625,0.6375,0.65,0.65,0.65,0.6625,0.6625,0.6625,0.65,0.65
29,0.575,0.5875,0.5875,0.6,0.6,0.6,0.6,0.5875,0.5875,0.5875,0.6125,0.575,0.5875,0.6,0.5875,0.6125,0.6,0.6,0.6125,0.6125
30,0.65,0.625,0.625,0.625,0.6125,0.5875,0.5875,0.5875,0.5875,0.6,0.6375,0.6,0.6125,0.6,0.6125,0.6125,0.6125,0.6,0.6,0.6125
31,0.6125,0.6125,0.6,0.5875,0.575,0.575,0.575,0.5875,0.5875,0.5875,0.5625,0.575,0.6,0.5875,0.5875,0.5875,0.6,0.6,0.5875,0.5875
32,0.6125,0.6125,0.6125,0.625,0.625,0.6125,0.6125,0.6125,0.625,0.6125,0.6,0.6375,0.625,0.625,0.625,0.625,0.625,0.625,0.625,0.625
33,0.5625,0.525,0.5125,0.5,0.4875,0.5,0.5,0.5,0.5,0.5,0.5875,0.6,0.5625,0.5375,0.5875,0.5875,0.5625,0.55,0.525,0.5375
34,0.575,0.575,0.6125,0.5875,0.5875,0.6,0.6,0.6125,0.575,0.5875,0.5875,0.6,0.5875,0.6,0.5875,0.5875,0.6,0.5875,0.575,0.5875
35,0.5625,0.5875,0.5875,0.5875,0.5875,0.6,0.6,0.6,0.5875,0.6,0.5875,0.6,0.6125,0.6125,0.6,0.6,0.6,0.5875,0.575,0.575
36,0.5625,0.55,0.5375,0.5375,0.5375,0.5375,0.55,0.575,0.5875,0.5875,0.5375,0.6,0.5875,0.575,0.5875,0.6125,0.5875,0.6125,0.6125,0.6125
37,0.625,0.6125,0.6375,0.6375,0.6375,0.6125,0.6,0.6125,0.6125,0.6125,0.6375,0.6375,0.6125,0.625,0.625,0.6375,0.6375,0.625,0.6375,0.6375
38,0.6375,0.65,0.6625,0.65,0.6625,0.6625,0.6625,0.6625,0.6625,0.6625,0.625,0.6625,0.6625,0.675,0.65,0.6625,0.6625,0.6625,0.6625,0.6625
39,0.5625,0.5625,0.5625,0.6,0.5875,0.575,0.575,0.5875,0.5625,0.5625,0.5375,0.5875,0.575,0.5875,0.55,0.5625,0.55,0.55,0.5625,0.575
40,0.625,0.6125,0.6,0.6,0.5875,0.5875,0.5875,0.6,0.5875,0.6,0.5875,0.625,0.625,0.6125,0.6125,0.6,0.6,0.6125,0.6,0.5875
41,0.575,0.55,0.5625,0.5625,0.55,0.55,0.55,0.5375,0.5375,0.55,0.5875,0.6,0.575,0.5625,0.575,0.5625,0.5625,0.575,0.55,0.5625
42,0.5625,0.575,0.6,0.5875,0.5875,0.575,0.575,0.575,0.575,0.575,0.625,0.6,0.575,0.6,0.5875,0.575,0.575,0.575,0.575,0.575
43,0.625,0.6375,0.625,0.6,0.625,0.65,0.625,0.625,0.625,0.625,0.6125,0.5875,0.6,0.6,0.6,0.6,0.6,0.6,0.6125,0.6125
44,0.4875,0.4875,0.5,0.4875,0.5,0.5,0.475,0.475,0.475,0.475,0.5125,0.4875,0.475,0.475,0.4625,0.5,0.5,0.5,0.4625,0.4625
45,0.5625,0.625,0.6,0.5875,0.5875,0.6125,0.6,0.5875,0.575,0.5875,0.6125,0.575,0.6,0.5875,0.6,0.6,0.575,0.5875,0.6,0.6
46,0.6375,0.6375,0.65,0.6375,0.6375,0.6375,0.6375,0.6375,0.6375,0.6375,0.6,0.6375,0.6375,0.65,0.6625,0.6625,0.6625,0.675,0.675,0.675
47,0.6125,0.65,0.6375,0.625,0.625,0.6375,0.625,0.6375,0.65,0.625,0.625,0.6375,0.625,0.6625,0.6625,0.6375,0.6125,0.6375,0.625,0.6375
48,0.6125,0.5875,0.5875,0.5875,0.5875,0.5875,0.5875,0.5875,0.575,0.575,0.5875,0.575,0.5625,0.5875,0.5875,0.5875,0.6,0.6,0.6,0.6
49,0.5375,0.55,0.55,0.575,0.575,0.5625,0.575,0.575,0.575,0.575,0.5375,0.5375,0.55,0.5375,0.5375,0.5375,0.55,0.5375,0.5375,0.5375
50,0.675,0.7,0.7,0.7,0.7,0.7,0.6875,0.6875,0.6875,0.7,0.725,0.725,0.725,0.7125,0.7125,0.7125,0.7125,0.7125,0.7125,0.7125
51,0.525,0.55,0.525,0.5,0.5,0.4875,0.4875,0.475,0.475,0.5125,0.4875,0.525,0.5375,0.525,0.5375,0.5375,0.525,0.5125,0.5125,0.5125
52,0.725,0.725,0.725,0.725,0.7125,0.725,0.725,0.725,0.7125,0.725,0.7125,0.7125,0.7,0.7,0.6875,0.6875,0.7,0.7,0.7,0.7125
53,0.5875,0.6,0.6125,0.625,0.6125,0.625,0.625,0.6375,0.6375,0.6375,0.575,0.625,0.6375,0.625,0.625,0.6375,0.65,0.65,0.6375,0.6375
54,0.45,0.475,0.4875,0.475,0.4875,0.475,0.4875,0.4875,0.475,0.475,0.475,0.4875,0.4875,0.4625,0.475,0.475,0.475,0.475,0.475,0.475
55,0.5875,0.55,0.5625,0.5875,0.6,0.5875,0.575,0.5875,0.6,0.6125,0.575,0.5625,0.575,0.5875,0.5875,0.575,0.6,0.5875,0.575,0.5875
56,0.6375,0.6125,0.6125,0.625,0.6125,0.625,0.625,0.625,0.6125,0.625,0.625,0.65,0.6375,0.65,0.6375,0.65,0.6375,0.6125,0.625,0.625
57,0.6125,0.65,0.6375,0.625,0.625,0.6125,0.625,0.625,0.625,0.625,0.5875,0.6125,0.6125,0.6125,0.625,0.625,0.625,0.625,0.6125,0.6125
58,0.55,0.5625,0.5625,0.5375,0.5375,0.5125,0.5125,0.5375,0.525,0.525,0.525,0.525,0.55,0.5375,0.5125,0.5125,0.525,0.525,0.525,0.5125
59,0.5625,0.625,0.625,0.6,0.6375,0.625,0.5875,0.6125,0.6375,0.6375,0.5875,0.6125,0.65,0.6375,0.6375,0.625,0.625,0.625,0.6375,0.6375
60,0.6125,0.625,0.5875,0.625,0.65,0.65,0.675,0.6375,0.675,0.675,0.6625,0.6375,0.6625,0.6625,0.675,0.6875,0.675,0.6625,0.6625,0.675
61,0.65,0.625,0.6125,0.625,0.5875,0.5875,0.6,0.6125,0.6125,0.6,0.55,0.6,0.6,0.5875,0.625,0.6125,0.6,0.6,0.6,0.6125
62,0.6625,0.6625,0.675,0.6625,0.65,0.675,0.675,0.7,0.7,0.675,0.6125,0.65,0.6625,0.675,0.6625,0.65,0.6625,0.6625,0.6625,0.6625
63,0.575,0.625,0.625,0.5875,0.575,0.575,0.575,0.5625,0.575,0.575,0.6,0.6,0.625,0.6125,0.6125,0.6125,0.5875,0.575,0.5625,0.575
64,0.65,0.7125,0.6875,0.6625,0.675,0.675,0.675,0.675,0.6875,0.675,0.675,0.6375,0.6625,0.675,0.65,0.65,0.6625,0.6625,0.65,0.6625
65,0.5375,0.5625,0.55,0.55,0.5375,0.55,0.55,0.5375,0.55,0.55,0.5375,0.55,0.5375,0.5,0.525,0.525,0.5,0.5,0.5,0.5
66,0.625,0.6625,0.65,0.6375,0.625,0.6,0.6125,0.625,0.625,0.625,0.6125,0.6125,0.6125,0.6375,0.6375,0.625,0.625,0.625,0.6375,0.6375
67,0.5125,0.4875,0.4625,0.4375,0.45,0.45,0.4375,0.45,0.45,0.45,0.45,0.4625,0.45,0.4375,0.4375,0.4375,0.45,0.4375,0.4375,0.4375
68,0.6875,0.6875,0.7125,0.7125,0.7125,0.7125,0.6875,0.6875,0.6875,0.675,0.6625,0.6875,0.675,0.7,0.6875,0.6875,0.6875,0.7,0.7,0.7
69,0.5875,0.5875,0.5875,0.5875,0.5875,0.575,0.6,0.5875,0.575,0.575,0.575,0.625,0.6,0.6,0.5875,0.5875,0.5875,0.6,0.6125,0.6
70,0.6375,0.6,0.625,0.6125,0.6,0.625,0.5875,0.6,0.5875,0.6,0.6625,0.625,0.6375,0.6625,0.6625,0.6625,0.6625,0.65,0.65,0.65
71,0.675,0.625,0.6375,0.6125,0.625,0.6375,0.6375,0.65,0.6375,0.6375,0.5875,0.6,0.6125,0.6,0.625,0.6375,0.6375,0.625,0.625,0.6125
72,0.625,0.6625,0.675,0.65,0.65,0.65,0.65,0.6625,0.65,0.65,0.65,0.625,0.65,0.6625,0.675,0.675,0.65,0.65,0.65,0.6625
73,0.6,0.6125,0.625,0.6,0.6,0.625,0.6,0.6125,0.6125,0.6125,0.575,0.575,0.6,0.6,0.6375,0.6375,0.625,0.6125,0.6,0.6
74,0.575,0.625,0.625,0.625,0.625,0.625,0.6125,0.6125,0.625,0.625,0.6125,0.6375,0.625,0.625,0.6125,0.6125,0.6,0.5875,0.6125,0.6125
75,0.6125,0.65,0.65,0.65,0.6375,0.65,0.6375,0.6375,0.65,0.65,0.6125,0.6,0.6,0.6125,0.6125,0.6125,0.6125,0.625,0.625,0.625
76,0.65,0.6375,0.65,0.65,0.6625,0.6625,0.65,0.65,0.65,0.65,0.6125,0.6625,0.65,0.6375,0.6375,0.6375,0.65,0.65,0.65,0.65
77,0.55,0.5875,0.5875,0.575,0.5875,0.5875,0.5625,0.575,0.575,0.575,0.5875,0.6125,0.5625,0.6125,0.6375,0.6,0.6125,0.6125,0.6125,0.625
78,0.575,0.6125,0.5875,0.6375,0.625,0.6125,0.625,0.6125,0.6125,0.6125,0.5875,0.6125,0.5875,0.5875,0.575,0.575,0.5875,0.5875,0.5875,0.5875
79,0.55,0.5625,0.575,0.5375,0.5375,0.55,0.55,0.55,0.5625,0.55,0.5625,0.5375,0.5375,0.5375,0.5375,0.5375,0.55,0.55,0.55,0.55
80,0.5625,0.5875,0.525,0.5375,0.55,0.5625,0.55,0.575,0.5625,0.5625,0.5625,0.5375,0.525,0.525,0.55,0.5375,0.55,0.5625,0.5625,0.575
81,0.5875,0.625,0.675,0.6625,0.675,0.675,0.65,0.65,0.65,0.65,0.6,0.6375,0.65,0.6625,0.65,0.65,0.65,0.625,0.625,0.625
82,0.65,0.7125,0.6875,0.6875,0.675,0.675,0.675,0.675,0.675,0.675,0.7,0.7125,0.7,0.6875,0.7,0.6875,0.6875,0.7,0.7,0.6875
83,0.5625,0.5875,0.575,0.575,0.575,0.5875,0.5875,0.5875,0.5875,0.5875,0.5375,0.55,0.5625,0.575,0.55,0.55,0.55,0.5625,0.5625,0.5625
84,0.6125,0.625,0.6125,0.6125,0.625,0.625,0.6375,0.625,0.625,0.625,0.625,0.625,0.625,0.6375,0.625,0.625,0.6125,0.6375,0.6375,0.6375
85,0.5375,0.5125,0.5375,0.5125,0.5125,0.5125,0.525,0.525,0.5,0.5,0.5,0.5125,0.4875,0.5,0.525,0.5125,0.4875,0.5,0.5125,0.5125
86,0.675,0.6625,0.65,0.625,0.65,0.65,0.65,0.6375,0.6375,0.6375,0.6625,0.65,0.6625,0.6625,0.6625,0.65,0.65,0.65,0.65,0.65
87,0.725,0.7125,0.725,0.725,0.725,0.725,0.725,0.725,0.725,0.725,0.6625,0.7125,0.7125,0.7125,0.6875,0.7,0.7,0.6875,0.7125,0.7
88,0.625,0.6,0.625,0.625,0.6125,0.6125,0.6125,0.625,0.6125,0.6125,0.6375,0.625,0.625,0.6125,0.6125,0.6125,0.6125,0.6125,0.6125,0.625
89,0.575,0.6,0.5875,0.575,0.5625,0.575,0.575,0.575,0.575,0.575,0.575,0.575,0.575,0.5875,0.5875,0.5875,0.5875,0.5875,0.5875,0.5875
90,0.625,0.6,0.6,0.5875,0.5875,0.575,0.6,0.5875,0.5875,0.6,0.625,0.6,0.625,0.6,0.6,0.6125,0.6125,0.6,0.6,0.6
91,0.65,0.6625,0.6625,0.7,0.6625,0.7,0.7125,0.7125,0.675,0.7,0.65,0.65,0.6625,0.6625,0.6625,0.6625,0.6875,0.6875,0.6875,0.675
92,0.575,0.6,0.575,0.575,0.5875,0.6,0.6,0.6,0.5875,0.5875,0.575,0.6,0.6,0.5875,0.5875,0.5875,0.6125,0.6,0.6,0.5875
93,0.5625,0.5875,0.5625,0.55,0.55,0.5375,0.5375,0.5375,0.525,0.5375,0.5875,0.5875,0.55,0.5625,0.5875,0.5875,0.5875,0.5875,0.6125,0.575
94,0.525,0.575,0.5625,0.575,0.6125,0.625,0.6125,0.6125,0.625,0.6125,0.5875,0.5625,0.5875,0.5875,0.575,0.575,0.575,0.575,0.575,0.575
95,0.6875,0.7125,0.7125,0.7,0.7125,0.7,0.725,0.725,0.7375,0.7375,0.725,0.7,0.7,0.7,0.725,0.725,0.725,0.725,0.7125,0.725
96,0.6125,0.6,0.625,0.625,0.5875,0.6125,0.6,0.6,0.6,0.6,0.5875,0.625,0.6125,0.625,0.6375,0.6125,0.625,0.6,0.6,0.625
97,0.7,0.6875,0.6875,0.7,0.6875,0.675,0.6875,0.675,0.675,0.675,0.675,0.6875,0.6625,0.6625,0.65,0.675,0.7,0.6875,0.6625,0.6625
98,0.6875,0.7,0.6875,0.6875,0.6875,0.675,0.675,0.675,0.675,0.675,0.6625,0.6875,0.6625,0.6625,0.675,0.6625,0.675,0.675,0.6625,0.675
99,0.575,0.5625,0.5625,0.5625,0.575,0.6,0.5875,0.5875,0.6125,0.5875,0.55,0.525,0.5125,0.5,0.525,0.4875,0.5125,0.5125,0.525,0.5375
100,0.6125,0.6375,0.6375,0.625,0.6125,0.6125,0.6,0.6125,0.6125,0.6,0.5875,0.625,0.6,0.5875,0.625,0.6125,0.6,0.6,0.625,0.6125
101,0.55,0.5375,0.525,0.525,0.525,0.525,0.525,0.525,0.5375,0.55,0.5625,0.5375,0.5375,0.5375,0.5375,0.525,0.525,0.5375,0.5375,0.5375
102,0.55,0.5375,0.55,0.55,0.55,0.5375,0.525,0.525,0.5375,0.55,0.5375,0.55,0.5375,0.5375,0.55,0.5375,0.5375,0.5375,0.55,0.5375
103,0.6625,0.6,0.625,0.625,0.6625,0.6375,0.6125,0.6125,0.6125,0.625,0.65,0.6625,0.6625,0.6625,0.6625,0.65,0.65,0.625,0.625,0.625
104,0.6125,0.6,0.5875,0.5875,0.575,0.5875,0.5875,0.5875,0.5875,0.5875,0.6375,0.5875,0.5625,0.5625,0.575,0.575,0.575,0.5625,0.575,0.5625
105,0.675,0.6875,0.725,0.725,0.7125,0.7125,0.7125,0.7125,0.725,0.7125,0.6875,0.6625,0.7,0.6875,0.6625,0.7,0.725,0.725,0.7125,0.7
106,0.675,0.6625,0.65,0.65,0.6625,0.6625,0.675,0.6625,0.6875,0.675,0.7,0.675,0.6625,0.6625,0.65,0.65,0.65,0.6625,0.6625,0.65
107,0.575,0.5625,0.575,0.575,0.5875,0.575,0.575,0.575,0.575,0.575,0.575,0.5625,0.55,0.5375,0.5375,0.5375,0.55,0.5625,0.5625,0.5625
108,0.5375,0.5875,0.6,0.5875,0.6,0.6,0.6,0.6,0.6,0.6,0.525,0.5625,0.5375,0.55,0.55,0.5625,0.575,0.575,0.575,0.575
109,0.6125,0.6,0.5625,0.6,0.5875,0.6125,0.6125,0.6,0.6,0.6125,0.5125,0.575,0.5875,0.6,0.5875,0.6,0.5875,0.6,0.6,0.6125
110,0.625,0.625,0.6375,0.6375,0.6375,0.6375,0.6375,0.6375,0.6375,0.6375,0.6125,0.625,0.625,0.625,0.625,0.625,0.625,0.625,0.625,0.625
111,0.6,0.6125,0.6125,0.6125,0.5875,0.6,0.6,0.6,0.625,0.625,0.625,0.6125,0.6,0.6125,0.6125,0.6125,0.6,0.6,0.6,0.6125
112,0.7,0.7,0.7,0.7,0.6875,0.7,0.7,0.7,0.7,0.7,0.7375,0.675,0.675,0.6625,0.6875,0.6875,0.6875,0.6875,0.6875,0.6875
113,0.65,0.65,0.625,0.6375,0.6625,0.6625,0.675,0.6625,0.6625,0.6375,0.6125,0.625,0.625,0.6375,0.6375,0.6375,0.625,0.6375,0.625,0.6375
114,0.6375,0.675,0.6875,0.7,0.6625,0.725,0.7,0.7,0.6875,0.7125,0.7,0.7,0.725,0.7125,0.725,0.6875,0.7,0.6875,0.6875,0.7
115,0.6625,0.65,0.625,0.65,0.65,0.65,0.65,0.65,0.65,0.65,0.6375,0.625,0.625,0.6375,0.6375,0.625,0.625,0.6375,0.6375,0.6375
116,0.4875,0.4875,0.475,0.4875,0.5,0.5125,0.5125,0.5,0.5125,0.5125,0.4625,0.4875,0.5,0.5,0.5,0.5,0.5,0.5,0.5,0.5
117,0.45,0.4875,0.4625,0.4875,0.525,0.5,0.5125,0.525,0.525,0.525,0.5375,0.5125,0.4875,0.5125,0.5125,0.525,0.5,0.4875,0.525,0.5125
118,0.6625,0.6625,0.675,0.6625,0.675,0.675,0.675,0.675,0.675,0.675,0.6875,0.6875,0.6625,0.6625,0.6625,0.675,0.675,0.675,0.675,0.675
119,0.55,0.5375,0.5375,0.55,0.55,0.55,0.55,0.55,0.55,0.55,0.6125,0.5625,0.5875,0.5625,0.5625,0.5625,0.5625,0.5625,0.5625,0.5625
120,0.75,0.75,0.725,0.725,0.7375,0.7375,0.7375,0.7375,0.7375,0.7375,0.6625,0.7125,0.7125,0.725,0.725,0.7125,0.725,0.7125,0.675,0.6625
121,0.625,0.6375,0.6125,0.6375,0.65,0.65,0.675,0.65,0.6625,0.65,0.65,0.6,0.6625,0.65,0.65,0.625,0.6375,0.6625,0.625,0.65
122,0.525,0.5375,0.5,0.5125,0.525,0.525,0.525,0.525,0.55,0.5625,0.475,0.4875,0.5375,0.5,0.525,0.4875,0.5125,0.4875,0.5125,0.5125
123,0.5625,0.5625,0.55,0.575,0.5875,0.5875,0.5875,0.5875,0.5875,0.575,0.55,0.5375,0.525,0.55,0.525,0.525,0.5375,0.5375,0.5375,0.55
124,0.5625,0.6,0.5625,0.5875,0.5625,0.575,0.5875,0.5875,0.5875,0.5875,0.55,0.6,0.6,0.5875,0.575,0.6,0.6,0.5875,0.5875,0.5875
125,0.65,0.6,0.5875,0.6,0.6125,0.6125,0.6125,0.6375,0.625,0.625,0.6375,0.65,0.625,0.6375,0.65,0.6125,0.6375,0.6375,0.6,0.625
126,0.625,0.6125,0.625,0.625,0.6375,0.6375,0.65,0.6375,0.6375,0.6375,0.675,0.6125,0.6,0.625,0.625,0.5875,0.6125,0.6125,0.6125,0.6
127,0.575,0.6125,0.625,0.625,0.625,0.6375,0.65,0.6625,0.6625,0.65,0.6375,0.6375,0.625,0.625,0.6125,0.6375,0.625,0.6125,0.6125,0.6375
128,0.6375,0.6,0.6,0.6,0.6125,0.6125,0.6125,0.625,0.625,0.625,0.6375,0.6125,0.6125,0.625,0.625,0.6125,0.625,0.625,0.625,0.625
129,0.525,0.5,0.525,0.55,0.5375,0.5375,0.5375,0.5375,0.55,0.5375,0.55,0.55,0.525,0.5375,0.5375,0.5375,0.55,0.5375,0.55,0.55
130,0.575,0.575,0.5625,0.5625,0.5625,0.5625,0.5625,0.5625,0.5625,0.5625,0.5375,0.525,0.525,0.525,0.5375,0.5375,0.5375,0.5375,0.5375,0.5375
131,0.575,0.5875,0.5875,0.6,0.6125,0.6,0.5875,0.575,0.575,0.5875,0.5875,0.575,0.6125,0.6125,0.6,0.5875,0.6125,0.6,0.6,0.6
132,0.5875,0.5875,0.5875,0.6125,0.6125,0.625,0.625,0.625,0.625,0.625,0.55,0.5625,0.6,0.6,0.6125,0.6125,0.6,0.6125,0.625,0.6125
133,0.65,0.6375,0.625,0.6,0.6125,0.6125,0.6125,0.6125,0.6,0.625,0.5875,0.5875,0.5875,0.6125,0.6125,0.625,0.6125,0.6125,0.6125,0.6
134,0.6125,0.625,0.625,0.6125,0.6125,0.6,0.5875,0.6125,0.6125,0.6,0.575,0.5625,0.6,0.6,0.6125,0.6125,0.625,0.6125,0.6125,0.625
135,0.65,0.6375,0.6375,0.65,0.65,0.65,0.65,0.6625,0.6625,0.6625,0.6625,0.65,0.65,0.6625,0.6375,0.6375,0.625,0.6375,0.6375,0.65
136,0.625,0.6875,0.675,0.6875,0.7125,0.7125,0.7125,0.7125,0.7125,0.7125,0.65,0.7,0.6875,0.6875,0.6625,0.6875,0.7,0.7,0.7125,0.7125
137,0.525,0.4875,0.525,0.525,0.5375,0.55,0.5375,0.5625,0.525,0.525,0.6,0.5625,0.5625,0.5375,0.5375,0.55,0.5625,0.5625,0.55,0.55
138,0.5625,0.5875,0.575,0.55,0.55,0.5625,0.575,0.575,0.5625,0.575,0.5375,0.525,0.5125,0.5375,0.5375,0.5625,0.5625,0.5625,0.55,0.5375
139,0.5625,0.55,0.55,0.5375,0.5375,0.55,0.5375,0.525,0.5375,0.5375,0.5375,0.5375,0.525,0.5125,0.525,0.5125,0.4875,0.525,0.5125,0.5125
140,0.625,0.65,0.6375,0.6625,0.6375,0.6375,0.65,0.65,0.65,0.65,0.6125,0.6375,0.65,0.6375,0.6375,0.65,0.65,0.6375,0.65,0.65
141,0.5875,0.6,0.6125,0.6125,0.6125,0.6,0.6125,0.6125,0.6125,0.625,0.65,0.625,0.6125,0.6125,0.6375,0.6375,0.6375,0.625,0.65,0.65
142,0.6,0.6125,0.6125,0.625,0.6125,0.6,0.6,0.625,0.625,0.6375,0.6125,0.6,0.6125,0.6,0.6,0.5875,0.5875,0.5875,0.5875,0.5875
143,0.6875,0.6625,0.65,0.65,0.6625,0.675,0.6625,0.65,0.675,0.675,0.6625,0.6875,0.675,0.6625,0.675,0.6875,0.6875,0.6875,0.6875,0.675
144,0.6125,0.625,0.625,0.6125,0.5875,0.6125,0.6125,0.6125,0.6125,0.6125,0.65,0.6125,0.6,0.5875,0.6,0.6,0.6,0.6,0.6125,0.6125
145,0.575,0.575,0.55,0.575,0.575,0.55,0.5375,0.525,0.5375,0.5375,0.5875,0.575,0.55,0.5875,0.5625,0.5625,0.575,0.5625,0.5625,0.55
146,0.75,0.7625,0.7625,0.775,0.7625,0.7625,0.75,0.75,0.75,0.75,0.7,0.75,0.7375,0.75,0.725,0.7375,0.7375,0.7375,0.7375,0.7375
147,0.5875,0.5875,0.6,0.5875,0.5875,0.6,0.6,0.6,0.6,0.6,0.55,0.6,0.6,0.6,0.6,0.6,0.6,0.5875,0.5875,0.5875
148,0.6125,0.5875,0.6,0.5875,0.5875,0.5875,0.5875,0.575,0.5875,0.575,0.575,0.575,0.55,0.5625,0.55,0.525,0.5375,0.55,0.55,0.5375
149,0.475,0.525,0.5625,0.5625,0.575,0.5875,0.5625,0.5625,0.5625,0.5625,0.5125,0.525,0.55,0.575,0.575,0.575,0.5625,0.575,0.575,0.575
150,0.5625,0.525,0.5125,0.4875,0.5125,0.5,0.5,0.5,0.5,0.5,0.5125,0.4875,0.5375,0.5125,0.5125,0.5125,0.5,0.5125,0.525,0.5125
151,0.7,0.7,0.7125,0.7125,0.7,0.7,0.7,0.7,0.7,0.7,0.6875,0.7,0.7,0.7,0.7,0.7,0.7,0.7125,0.7125,0.7125
152,0.6375,0.6375,0.6625,0.65,0.6625,0.65,0.6625,0.6625,0.675,0.6625,0.65,0.6875,0.6625,0.65,0.6625,0.6625,0.675,0.6625,0.6625,0.6625
153,0.6625,0.65,0.6375,0.6375,0.6375,0.6375,0.65,0.65,0.65,0.65,0.6375,0.6375,0.6375,0.6375,0.6375,0.6375,0.6375,0.6375,0.6375,0.6375
154,0.6125,0.5875,0.6125,0.625,0.6125,0.6,0.5875,0.5625,0.6,0.6125,0.6125,0.5875,0.5875,0.6,0.6,0.6,0.6,0.5875,0.6,0.6125
155,0.5875,0.5625,0.575,0.5625,0.575,0.6,0.6,0.6125,0.6125,0.6,0.4875,0.5625,0.5625,0.5375,0.55,0.5625,0.575,0.55,0.5375,0.55
156,0.6375,0.6125,0.6375,0.6375,0.6375,0.6375,0.625,0.6375,0.625,0.6375,0.5875,0.6,0.625,0.625,0.625,0.6625,0.65,0.6625,0.6625,0.6625
157,0.5375,0.525,0.5375,0.525,0.525,0.525,0.525,0.525,0.5375,0.55,0.525,0.55,0.5375,0.5375,0.5375,0.525,0.525,0.5125,0.525,0.525
158,0.4875,0.5625,0.55,0.55,0.5625,0.575,0.5625,0.5625,0.5625,0.5625,0.5375,0.55,0.55,0.55,0.5375,0.5625,0.55,0.5625,0.5625,0.5625
159,0.55,0.525,0.575,0.5875,0.6,0.5875,0.5875,0.5875,0.5875,0.5875,0.575,0.55,0.575,0.5875,0.5875,0.575,0.5625,0.5625,0.575,0.575
160,0.5625,0.5625,0.5375,0.5375,0.55,0.5625,0.55,0.5625,0.5625,0.575,0.5875,0.5875,0.575,0.575,0.5625,0.575,0.575,0.5625,0.575,0.575
161,0.6,0.6125,0.625,0.6,0.6,0.6,0.625,0.6,0.6125,0.6125,0.65,0.6125,0.6375,0.65,0.6375,0.625,0.6125,0.625,0.625,0.6125
162,0.575,0.525,0.525,0.525,0.525,0.525,0.5125,0.525,0.5,0.5,0.5125,0.5125,0.5125,0.5,0.5,0.5125,0.5125,0.5125,0.5,0.5125
163,0.7125,0.7125,0.7125,0.7,0.7125,0.7125,0.7125,0.7125,0.7125,0.7,0.675,0.6875,0.7,0.7,0.7,0.6875,0.6875,0.7,0.7125,0.7
164,0.6625,0.7,0.6875,0.6875,0.6375,0.6375,0.6375,0.65,0.6625,0.65,0.65,0.6125,0.6375,0.65,0.6375,0.6625,0.65,0.6375,0.6375,0.675
165,0.5875,0.6125,0.6375,0.6375,0.625,0.575,0.625,0.6375,0.625,0.6125,0.6125,0.6875,0.6875,0.6625,0.675,0.7125,0.6875,0.6625,0.6625,0.65
166,0.7125,0.6875,0.6875,0.6875,0.7,0.6875,0.6875,0.6875,0.6875,0.6875,0.6875,0.675,0.6875,0.6875,0.6875,0.6875,0.6875,0.675,0.6625,0.6875
167,0.575,0.575,0.6125,0.5875,0.5875,0.6,0.5875,0.575,0.5625,0.575,0.6,0.6,0.5875,0.6125,0.5625,0.575,0.575,0.5875,0.575,0.55
168,0.6,0.5625,0.5875,0.5875,0.5375,0.5625,0.5625,0.5625,0.55,0.55,0.5625,0.525,0.5625,0.525,0.5375,0.55,0.525,0.525,0.525,0.525
169,0.525,0.5375,0.5625,0.575,0.5375,0.5625,0.55,0.575,0.575,0.575,0.55,0.575,0.5875,0.575,0.5875,0.575,0.575,0.575,0.575,0.5875
170,0.575,0.5875,0.6,0.5875,0.5875,0.5875,0.5875,0.575,0.6,0.5875,0.55,0.5875,0.5875,0.5625,0.575,0.575,0.575,0.575,0.5625,0.575
171,0.6375,0.65,0.6375,0.6375,0.625,0.625,0.625,0.6375,0.65,0.6625,0.6125,0.625,0.6375,0.65,0.6375,0.6375,0.6375,0.6375,0.6375,0.6375
172,0.6125,0.6375,0.65,0.6625,0.675,0.675,0.6625,0.6625,0.675,0.675,0.6125,0.6625,0.65,0.625,0.6125,0.625,0.625,0.625,0.6125,0.625
173,0.6,0.575,0.6125,0.6125,0.6375,0.65,0.6375,0.625,0.625,0.6375,0.65,0.6125,0.6375,0.6375,0.65,0.6375,0.65,0.6375,0.6375,0.6375
174,0.6125,0.65,0.6,0.6375,0.65,0.625,0.625,0.6375,0.625,0.625,0.6125,0.6,0.6125,0.6125,0.6125,0.6125,0.6125,0.625,0.6125,0.6125
175,0.5,0.525,0.4875,0.4875,0.4875,0.5,0.5,0.5,0.5,0.5,0.55,0.5375,0.575,0.5625,0.55,0.55,0.55,0.5625,0.5625,0.5625
176,0.7125,0.7125,0.6875,0.675,0.675,0.675,0.6875,0.675,0.675,0.6875,0.6625,0.6625,0.6625,0.675,0.6875,0.675,0.6875,0.675,0.675,0.6875
177,0.5625,0.5625,0.5625,0.5875,0.6,0.575,0.575,0.5625,0.5625,0.5625,0.55,0.5625,0.5625,0.5625,0.55,0.5375,0.5625,0.5625,0.5625,0.5625
178,0.575,0.575,0.575,0.5625,0.5625,0.5875,0.575,0.5625,0.575,0.5875,0.5375,0.5625,0.5875,0.575,0.575,0.5875,0.5875,0.5875,0.5875,0.5875
179,0.625,0.6,0.6125,0.575,0.5875,0.5625,0.5625,0.575,0.575,0.5875,0.6,0.6125,0.6,0.6125,0.6125,0.625,0.625,0.625,0.625,0.625
180,0.525,0.5375,0.55,0.5375,0.5375,0.55,0.5375,0.5125,0.55,0.5625,0.5375,0.525,0.525,0.525,0.525,0.525,0.525,0.525,0.5375,0.5375
181,0.6,0.6375,0.625,0.5875,0.6125,0.6,0.6,0.6,0.6,0.6,0.6,0.6,0.6125,0.625,0.6125,0.6,0.5875,0.5875,0.5875,0.5875
182,0.625,0.575,0.5625,0.575,0.5625,0.575,0.575,0.575,0.575,0.5625,0.575,0.575,0.575,0.5625,0.575,0.575,0.575,0.575,0.575,0.575
183,0.5625,0.5875,0.65,0.625,0.6125,0.575,0.625,0.65,0.6375,0.6375,0.5875,0.6,0.625,0.6125,0.6125,0.625,0.625,0.6125,0.6125,0.625
184,0.6375,0.65,0.625,0.625,0.6125,0.625,0.625,0.625,0.625,0.625,0.6,0.625,0.625,0.625,0.6375,0.6375,0.6375,0.6375,0.6375,0.6375
185,0.6125,0.6,0.6125,0.625,0.6,0.6125,0.625,0.625,0.625,0.625,0.5875,0.575,0.6,0.625,0.6,0.6125,0.6,0.6125,0.6,0.6
186,0.55,0.5,0.5125,0.5125,0.525,0.5375,0.55,0.5375,0.55,0.55,0.55,0.55,0.5625,0.5625,0.55,0.55,0.55,0.5375,0.55,0.55
187,0.575,0.6,0.5625,0.5625,0.5625,0.5875,0.5875,0.575,0.575,0.6,0.575,0.5875,0.6375,0.6,0.6,0.6125,0.625,0.6375,0.6375,0.6375
188,0.6125,0.6375,0.625,0.625,0.65,0.6375,0.6375,0.65,0.65,0.65,0.65,0.675,0.675,0.6625,0.65,0.65,0.65,0.65,0.65,0.65
189,0.5125,0.475,0.5,0.5,0.4875,0.5,0.5,0.5125,0.5125,0.5125,0.4625,0.4625,0.475,0.4875,0.475,0.4875,0.5125,0.5,0.4875,0.5
190,0.4875,0.5125,0.5,0.5125,0.4875,0.5,0.4875,0.5,0.5,0.4875,0.6,0.5375,0.525,0.5,0.5,0.5,0.5125,0.5125,0.5,0.5
191,0.6875,0.6875,0.675,0.675,0.675,0.6625,0.675,0.675,0.6625,0.675,0.7,0.6625,0.675,0.7,0.7125,0.7,0.6875,0.6875,0.675,0.675
192,0.6,0.6125,0.625,0.6375,0.6375,0.65,0.65,0.65,0.65,0.6375,0.6125,0.6375,0.6375,0.625,0.6375,0.6375,0.6375,0.6375,0.6375,0.6375
193,0.6375,0.6,0.5875,0.6125,0.6,0.5875,0.5875,0.5875,0.6,0.6,0.6,0.575,0.5875,0.5875,0.575,0.575,0.575,0.575,0.575,0.575
194,0.625,0.6375,0.625,0.625,0.6125,0.6125,0.625,0.625,0.625,0.625,0.6375,0.6125,0.625,0.6125,0.6,0.6,0.6,0.6125,0.625,0.6125
195,0.6,0.6125,0.625,0.6375,0.625,0.6375,0.625,0.625,0.6125,0.6125,0.625,0.6125,0.6375,0.625,0.625,0.6125,0.6125,0.6125,0.625,0.625
196,0.55,0.5125,0.5375,0.5125,0.5125,0.4875,0.5125,0.5125,0.5125,0.55,0.5125,0.5125,0.5375,0.525,0.5375,0.525,0.5125,0.5125,0.525,0.5375
197,0.65,0.6375,0.65,0.65,0.65,0.65,0.65,0.65,0.65,0.65,0.6375,0.6375,0.65,0.65,0.65,0.65,0.65,0.65,0.65,0.65
198,0.6125,0.6125,0.6,0.5875,0.6,0.6125,0.575,0.575,0.5875,0.6,0.575,0.625,0.6,0.6125,0.6,0.5875,0.6125,0.6125,0.575,0.575
199,0.6375,0.6375,0.65,0.625,0.6375,0.65,0.65,0.65,0.65,0.6375,0.65,0.65,0.6375,0.65,0.65,0.65,0.65,0.65,0.65,0.6625
200,0.6125,0.6375,0.6625,0.6625,0.675,0.675,0.675,0.675,0.6875,0.6875,0.6625,0.675,0.65,0.675,0.675,0.6625,0.6625,0.6625,0.675,0.675
201,0.5375,0.5375,0.5375,0.5375,0.5375,0.5375,0.5375,0.5375,0.5375,0.55,0.5125,0.5375,0.5125,0.525,0.5125,0.5,0.5,0.5125,0.5125,0.5125
202,0.5625,0.575,0.5375,0.5375,0.55,0.575,0.5625,0.5625,0.575,0.5625,0.55,0.5375,0.525,0.55,0.55,0.55,0.5625,0.5625,0.55,0.55
203,0.5375,0.5375,0.5,0.4875,0.5125,0.525,0.525,0.525,0.525,0.525,0.5,0.5125,0.5,0.5125,0.5125,0.5375,0.5375,0.5125,0.525,0.525
204,0.7125,0.7125,0.725,0.7125,0.6875,0.7,0.7,0.6875,0.7,0.7,0.6625,0.675,0.725,0.7125,0.7,0.7,0.6875,0.6875,0.7,0.7125
205,0.6875,0.725,0.7,0.725,0.7375,0.725,0.725,0.725,0.725,0.725,0.65,0.6875,0.725,0.7125,0.7375,0.725,0.725,0.725,0.725,0.725
206,0.625,0.625,0.6,0.6125,0.65,0.6375,0.6375,0.6375,0.6375,0.6375,0.5875,0.6,0.625,0.65,0.65,0.65,0.65,0.65,0.65,0.65
207,0.5875,0.525,0.55,0.5375,0.5375,0.55,0.5125,0.525,0.525,0.525,0.575,0.5625,0.575,0.55,0.55,0.5375,0.525,0.55,0.5625,0.55
208,0.575,0.575,0.5625,0.5625,0.575,0.55,0.5375,0.55,0.5375,0.5375,0.5375,0.575,0.5625,0.575,0.5625,0.5625,0.575,0.5625,0.5625,0.5625
209,0.675,0.675,0.7,0.6875,0.6875,0.675,0.6875,0.7,0.6875,0.6875,0.7,0.7,0.7,0.725,0.725,0.7125,0.7,0.7,0.7,0.7125
210,0.5875,0.575,0.5625,0.5625,0.5875,0.575,0.575,0.575,0.575,0.575,0.525,0.5375,0.5375,0.5125,0.5625,0.5625,0.5625,0.5625,0.5625,0.5625
211,0.675,0.6375,0.6625,0.65,0.65,0.6625,0.6625,0.6625,0.6625,0.6625,0.625,0.6375,0.6375,0.6375,0.625,0.625,0.6125,0.6125,0.6125,0.6125
212,0.6,0.6125,0.6125,0.575,0.5875,0.575,0.575,0.575,0.5875,0.5875,0.5625,0.575,0.55,0.5875,0.5625,0.6,0.5875,0.575,0.575,0.5875
213,0.5375,0.525,0.475,0.475,0.475,0.5125,0.5125,0.5,0.5125,0.5,0.525,0.525,0.55,0.5375,0.525,0.5125,0.5125,0.525,0.5125,0.5
214,0.725,0.6875,0.7125,0.7,0.6875,0.6875,0.6875,0.6875,0.6875,0.6875,0.675,0.725,0.7125,0.7,0.7,0.6875,0.6875,0.6875,0.6875,0.6875
215,0.55,0.5875,0.5625,0.5625,0.575,0.5875,0.575,0.575,0.575,0.5625,0.5625,0.5625,0.5875,0.575,0.5875,0.6,0.6125,0.6,0.6125,0.5875
216,0.6375,0.6125,0.625,0.6,0.625,0.6,0.6125,0.6,0.6,0.6,0.625,0.6375,0.6,0.625,0.625,0.6125,0.6125,0.6125,0.6125,0.6125
217,0.6125,0.625,0.625,0.6125,0.625,0.6125,0.625,0.6125,0.6125,0.6375,0.65,0.65,0.6125,0.6125,0.6125,0.6375,0.625,0.625,0.6375,0.6625
218,0.7,0.7125,0.7125,0.7125,0.725,0.725,0.725,0.725,0.725,0.725,0.6625,0.7125,0.7125,0.7125,0.7125,0.7125,0.7125,0.7125,0.7125,0.7125
219,0.575,0.6,0.5875,0.575,0.6,0.6125,0.6,0.6,0.6,0.6,0.625,0.6,0.6,0.6,0.6,0.6,0.6,0.6,0.6,0.6125
220,0.525,0.575,0.5875,0.5625,0.5625,0.5625,0.575,0.575,0.575,0.575,0.575,0.5625,0.575,0.5625,0.5625,0.5625,0.5625,0.575,0.575,0.575
221,0.675,0.675,0.675,0.675,0.6875,0.675,0.675,0.675,0.6875,0.6875,0.7,0.6875,0.675,0.675,0.675,0.675,0.675,0.675,0.675,0.675
222,0.525,0.5375,0.575,0.575,0.5625,0.5625,0.55,0.5625,0.5625,0.55,0.5625,0.5625,0.55,0.55,0.55,0.55,0.55,0.55,0.55,0.55
223,0.5375,0.5875,0.55,0.5375,0.5625,0.5375,0.55,0.5375,0.5125,0.5375,0.575,0.5125,0.55,0.55,0.5375,0.55,0.55,0.55,0.5625,0.575
224,0.6875,0.6875,0.675,0.6875,0.7,0.7,0.7,0.7,0.7,0.7,0.6625,0.7,0.7125,0.7125,0.7125,0.7375,0.725,0.7375,0.7125,0.725
225,0.6,0.5875,0.6125,0.6,0.6125,0.6125,0.6,0.6,0.6,0.6,0.5875,0.6125,0.6,0.6125,0.625,0.6125,0.6125,0.6125,0.6125,0.625
226,0.7375,0.65,0.7125,0.7375,0.7125,0.725,0.7375,0.7125,0.7,0.6875,0.7,0.7375,0.7125,0.725,0.75,0.725,0.725,0.725,0.725,0.725
227,0.5125,0.55,0.6125,0.6125,0.575,0.575,0.6,0.575,0.5875,0.575,0.5375,0.5625,0.5875,0.575,0.575,0.575,0.5625,0.5875,0.5875,0.5875
228,0.625,0.625,0.65,0.6625,0.65,0.6375,0.65,0.65,0.65,0.6625,0.625,0.65,0.6375,0.6375,0.6375,0.65,0.65,0.6375,0.6375,0.65
229,0.7125,0.7,0.6875,0.6875,0.6625,0.675,0.6875,0.6875,0.675,0.6875,0.6875,0.7125,0.7,0.675,0.6875,0.6875,0.7,0.675,0.6875,0.6875
230,0.5,0.5125,0.525,0.525,0.525,0.5375,0.5375,0.5375,0.55,0.5375,0.5125,0.55,0.5375,0.5375,0.525,0.525,0.525,0.525,0.525,0.525
231,0.6125,0.65,0.6125,0.6125,0.625,0.625,0.6375,0.625,0.625,0.625,0.5625,0.6125,0.5875,0.6125,0.6125,0.6375,0.625,0.6125,0.625,0.6375
232,0.575,0.5375,0.525,0.525,0.55,0.55,0.5625,0.55,0.55,0.5625,0.4875,0.525,0.5375,0.5375,0.5625,0.5625,0.55,0.5375,0.55,0.55
233,0.6375,0.65,0.6125,0.6375,0.6125,0.625,0.6375,0.625,0.625,0.5875,0.5875,0.625,0.5875,0.6125,0.6125,0.625,0.6125,0.5875,0.6,0.6
234,0.725,0.7125,0.7,0.6875,0.7,0.7125,0.7125,0.7125,0.7125,0.7125,0.7,0.6875,0.7,0.7,0.7125,0.7125,0.7125,0.7125,0.7125,0.7125
235,0.5125,0.525,0.525,0.5125,0.5,0.5,0.5125,0.5,0.5,0.5,0.5125,0.5125,0.525,0.525,0.525,0.525,0.525,0.525,0.525,0.525
236,0.65,0.6125,0.625,0.625,0.625,0.6,0.625,0.6375,0.65,0.6375,0.6,0.575,0.6,0.5875,0.6,0.6,0.6125,0.625,0.6,0.6125
237,0.5875,0.6,0.6125,0.6,0.625,0.6125,0.65,0.65,0.625,0.6125,0.65,0.6125,0.6,0.6375,0.65,0.6625,0.6625,0.6625,0.625,0.625
238,0.55,0.55,0.5625,0.575,0.575,0.525,0.525,0.5375,0.525,0.5375,0.5625,0.575,0.55,0.55,0.5875,0.575,0.575,0.575,0.575,0.575
239,0.5875,0.575,0.5625,0.5625,0.5625,0.575,0.5625,0.5625,0.5625,0.5625,0.6,0.5875,0.5625,0.575,0.575,0.55,0.575,0.575,0.5625,0.5625
240,0.575,0.6,0.6,0.6,0.5875,0.6,0.6,0.6,0.6,0.6,0.575,0.5875,0.6,0.6125,0.6,0.625,0.625,0.625,0.625,0.6125
241,0.6,0.5875,0.5875,0.6,0.5875,0.6,0.6,0.6,0.6,0.6,0.6125,0.6375,0.625,0.625,0.625,0.65,0.6125,0.625,0.6,0.6375
242,0.4875,0.525,0.4875,0.4875,0.5,0.4875,0.525,0.5125,0.5,0.5125,0.525,0.5125,0.5375,0.525,0.5,0.5,0.5,0.5,0.4875,0.5
243,0.6875,0.675,0.7,0.7,0.7,0.7125,0.7125,0.7,0.7125,0.7125,0.675,0.6875,0.6875,0.6875,0.6875,0.7,0.7,0.6875,0.7,0.7
244,0.6875,0.675,0.7,0.7,0.6875,0.7,0.7,0.7,0.7125,0.725,0.7,0.7125,0.725,0.7375,0.7125,0.7375,0.7125,0.725,0.725,0.725
245,0.6125,0.6375,0.6125,0.625,0.6125,0.625,0.6375,0.6375,0.6375,0.6375,0.6125,0.6125,0.625,0.6,0.6,0.6125,0.6125,0.625,0.625,0.6375
246,0.575,0.55,0.575,0.5625,0.5625,0.5375,0.5375,0.5375,0.5375,0.5375,0.5375,0.55,0.5375,0.55,0.5625,0.55,0.55,0.5625,0.575,0.575
247,0.5375,0.55,0.5625,0.5625,0.575,0.5375,0.5375,0.5375,0.5375,0.5375,0.55,0.575,0.5375,0.525,0.5125,0.525,0.5375,0.525,0.525,0.525
248,0.5625,0.5875,0.6,0.6,0.6,0.575,0.5875,0.6,0.6,0.6,0.575,0.5875,0.575,0.5875,0.6,0.6,0.6,0.6,0.6,0.6
249,0.5625,0.5625,0.5625,0.525,0.5375,0.55,0.55,0.55,0.55,0.5625,0.5125,0.525,0.525,0.525,0.5375,0.525,0.525,0.525,0.525,0.525
250,0.675,0.675,0.6625,0.675,0.6625,0.6625,0.675,0.675,0.675,0.675,0.6625,0.65,0.65,0.65,0.6625,0.6625,0.6625,0.6625,0.65,0.6625
251,0.55,0.5625,0.5625,0.5625,0.575,0.575,0.5625,0.5625,0.5625,0.5625,0.5375,0.55,0.575,0.575,0.5625,0.575,0.575,0.575,0.575,0.575
252,0.6875,0.7125,0.675,0.6875,0.7,0.7,0.7125,0.725,0.725,0.7125,0.675,0.675,0.6875,0.65,0.65,0.675,0.6625,0.6875,0.675,0.7
253,0.6125,0.65,0.65,0.6375,0.6375,0.625,0.6375,0.625,0.625,0.625,0.625,0.6375,0.6625,0.625,0.6375,0.6375,0.6375,0.6375,0.6375,0.6375
254,0.475,0.475,0.5,0.5,0.5,0.5,0.5,0.5,0.5,0.5,0.45,0.4625,0.5,0.5,0.5,0.5125,0.5125,0.5125,0.5,0.5
255,0.575,0.575,0.575,0.575,0.575,0.575,0.575,0.575,0.5875,0.5875,0.5875,0.6,0.6,0.6,0.5875,0.5875,0.5875,0.5875,0.5875,0.6
256,0.6,0.5875,0.6125,0.625,0.6125,0.625,0.6,0.6,0.5875,0.6,0.575,0.5875,0.6,0.6125,0.6125,0.6125,0.6125,0.6125,0.6125,0.6125
257,0.5125,0.4875,0.45,0.475,0.475,0.4875,0.5,0.5,0.5,0.5,0.5,0.5,0.5,0.5,0.4875,0.5,0.5,0.5,0.5,0.5
258,0.5375,0.5875,0.6,0.625,0.625,0.6125,0.6375,0.625,0.6375,0.625,0.5875,0.6125,0.6125,0.6,0.6125,0.6125,0.6125,0.625,0.625,0.6
259,0.625,0.625,0.6375,0.6375,0.6375,0.625,0.6125,0.6125,0.6125,0.6,0.6625,0.65,0.65,0.65,0.625,0.6375,0.625,0.6125,0.6,0.5875
260,0.4875,0.5,0.5125,0.5,0.5125,0.5,0.5125,0.5125,0.5125,0.525,0.5125,0.5375,0.575,0.5625,0.5625,0.5625,0.5625,0.5625,0.5625,0.5625
261,0.6375,0.6125,0.65,0.65,0.6625,0.6625,0.6625,0.6375,0.6625,0.65,0.6,0.6375,0.6375,0.6375,0.6375,0.65,0.6625,0.65,0.6625,0.65
262,0.6375,0.625,0.6375,0.625,0.6375,0.625,0.625,0.625,0.6375,0.6375,0.6375,0.65,0.6375,0.6375,0.6375,0.6375,0.6375,0.625,0.6375,0.625
263,0.5625,0.55,0.5625,0.5625,0.5625,0.5375,0.55,0.55,0.55,0.55,0.5625,0.55,0.5125,0.525,0.5375,0.525,0.55,0.55,0.55,0.55
264,0.65,0.65,0.6625,0.6625,0.6625,0.65,0.65,0.65,0.65,0.65,0.65,0.65,0.625,0.6375,0.65,0.6375,0.6375,0.6375,0.6375,0.6375
265,0.7,0.6625,0.6625,0.6625,0.65,0.6625,0.675,0.6625,0.6625,0.6625,0.65,0.675,0.65,0.65,0.6375,0.6375,0.65,0.6375,0.6375,0.6375
266,0.6,0.6125,0.5625,0.575,0.575,0.575,0.575,0.575,0.575,0.575,0.525,0.5375,0.5875,0.5875,0.5875,0.575,0.575,0.575,0.575,0.575
267,0.7125,0.7,0.7125,0.7375,0.7375,0.7375,0.7375,0.725,0.7375,0.725,0.6875,0.725,0.725,0.725,0.725,0.725,0.725,0.7125,0.7125,0.7125
268,0.7,0.675,0.65,0.6875,0.675,0.7,0.6875,0.6875,0.7,0.7,0.675,0.7,0.6625,0.6875,0.6875,0.7,0.7,0.7,0.7,0.7
269,0.625,0.6125,0.6375,0.6375,0.625,0.6125,0.6125,0.6125,0.6,0.6,0.5875,0.6,0.6,0.6125,0.5875,0.5875,0.6125,0.6125,0.6125,0.6125
270,0.5375,0.5375,0.5625,0.5625,0.5625,0.5625,0.55,0.5625,0.5625,0.5625,0.6,0.5875,0.575,0.5875,0.5625,0.575,0.575,0.575,0.5875,0.6125
271,0.75,0.7625,0.75,0.75,0.7375,0.725,0.725,0.725,0.725,0.7375,0.725,0.7625,0.7625,0.7625,0.7625,0.7625,0.7625,0.7625,0.7625,0.75
272,0.575,0.5375,0.55,0.5375,0.55,0.5375,0.55,0.5375,0.5375,0.5375,0.5125,0.5375,0.55,0.55,0.55,0.55,0.5375,0.55,0.55,0.55
273,0.625,0.65,0.65,0.6375,0.6375,0.6375,0.6375,0.6375,0.6375,0.6375,0.65,0.6375,0.625,0.6375,0.6375,0.6375,0.6375,0.6375,0.6375,0.6375
274,0.575,0.575,0.5875,0.5875,0.575,0.5875,0.575,0.5875,0.575,0.5875,0.6,0.6,0.5875,0.575,0.5875,0.5875,0.6,0.575,0.5875,0.575
275,0.6375,0.6625,0.675,0.7,0.6875,0.6875,0.675,0.6875,0.7,0.7,0.625,0.6375,0.65,0.65,0.675,0.6875,0.6625,0.675,0.675,0.65
276,0.625,0.625,0.65,0.625,0.6375,0.6375,0.6375,0.6375,0.6375,0.625,0.6375,0.625,0.625,0.6,0.6,0.6125,0.6,0.5875,0.6125,0.6125
277,0.7375,0.75,0.7375,0.75,0.75,0.75,0.75,0.75,0.75,0.75,0.7375,0.7375,0.75,0.7375,0.7375,0.725,0.7375,0.725,0.7375,0.7375
278,0.6,0.5875,0.5875,0.575,0.575,0.5875,0.575,0.5875,0.575,0.575,0.5875,0.575,0.5625,0.575,0.575,0.5625,0.575,0.575,0.575,0.5625
279,0.7,0.6875,0.675,0.675,0.6625,0.675,0.65,0.65,0.675,0.6625,0.65,0.6375,0.6125,0.6375,0.6375,0.625,0.65,0.6375,0.65,0.6625
280,0.625,0.675,0.6625,0.65,0.675,0.6625,0.65,0.6625,0.6625,0.6375,0.6125,0.6625,0.675,0.675,0.6875,0.6625,0.675,0.675,0.6625,0.675
281,0.7,0.7,0.6875,0.7,0.7,0.7125,0.7,0.725,0.7375,0.7375,0.7,0.6625,0.675,0.7,0.6875,0.6875,0.6875,0.6875,0.7125,0.6875
282,0.5875,0.6,0.6,0.6125,0.6,0.6,0.6,0.5875,0.6,0.6,0.525,0.5875,0.575,0.5875,0.575,0.5875,0.5875,0.5875,0.575,0.575
283,0.6,0.6,0.6,0.5875,0.6,0.5875,0.6,0.6,0.6,0.6,0.625,0.6,0.6,0.6,0.6,0.6,0.5875,0.5875,0.5875,0.5875
284,0.625,0.625,0.6625,0.6375,0.625,0.6125,0.6,0.5875,0.6,0.6,0.5875,0.5375,0.6125,0.5625,0.5625,0.5625,0.575,0.575,0.575,0.575
285,0.625,0.575,0.5875,0.6125,0.6125,0.6125,0.6,0.6,0.6,0.5875,0.6125,0.5875,0.6125,0.6,0.625,0.6375,0.6375,0.625,0.625,0.625
286,0.575,0.55,0.5625,0.5625,0.5625,0.5625,0.55,0.5625,0.5625,0.5625,0.5875,0.5625,0.5625,0.5625,0.55,0.55,0.55,0.5625,0.5625,0.5625
287,0.6375,0.6375,0.625,0.6375,0.65,0.6375,0.6375,0.6375,0.6375,0.6375,0.6375,0.625,0.625,0.65,0.6375,0.6375,0.6375,0.6375,0.625,0.65
288,0.5625,0.5875,0.6125,0.6125,0.625,0.6125,0.625,0.6,0.5875,0.6125,0.65,0.6125,0.5875,0.625,0.625,0.625,0.6375,0.6125,0.6125,0.5875
289,0.6875,0.7,0.7,0.7,0.7,0.7125,0.7,0.6875,0.6875,0.6875,0.675,0.675,0.675,0.675,0.675,0.675,0.675,0.675,0.675,0.675
290,0.6,0.6125,0.625,0.6125,0.6125,0.625,0.6125,0.6125,0.6125,0.6125,0.575,0.5375,0.575,0.6,0.6,0.5875,0.5875,0.5875,0.5875,0.6125
291,0.6125,0.6625,0.6625,0.6625,0.65,0.65,0.6625,0.6625,0.6625,0.6625,0.6375,0.6625,0.65,0.6375,0.6625,0.6625,0.6625,0.6625,0.6625,0.6625
292,0.6,0.625,0.6125,0.6125,0.6,0.6,0.6,0.5875,0.5875,0.5875,0.6125,0.6,0.6,0.625,0.625,0.6375,0.625,0.625,0.6125,0.625
293,0.7125,0.7125,0.7375,0.725,0.725,0.7,0.7125,0.7,0.7125,0.7125,0.7125,0.725,0.725,0.7375,0.725,0.725,0.725,0.7375,0.725,0.7375
294,0.6125,0.6125,0.6125,0.6125,0.6125,0.6125,0.6125,0.6,0.6125,0.625,0.6625,0.675,0.6,0.6,0.6,0.625,0.6,0.6,0.6,0.5875
295,0.6625,0.675,0.65,0.6375,0.6375,0.625,0.6375,0.6375,0.6375,0.6375,0.675,0.65,0.65,0.625,0.625,0.6125,0.6375,0.6375,0.65,0.65
296,0.575,0.6,0.625,0.625,0.5875,0.6,0.6125,0.6125,0.5875,0.5875,0.6,0.6125,0.65,0.6125,0.6125,0.6125,0.6,0.6,0.575,0.575
297,0.5625,0.55,0.6,0.575,0.6,0.575,0.575,0.5875,0.5625,0.55,0.6,0.575,0.5625,0.625,0.6,0.575,0.55,0.5625,0.55,0.55
298,0.65,0.65,0.6125,0.625,0.6125,0.6375,0.65,0.65,0.65,0.6625,0.625,0.625,0.6375,0.6375,0.625,0.625,0.625,0.625,0.6125,0.625
299,0.725,0.75,0.775,0.75,0.7375,0.75,0.7375,0.75,0.7375,0.7375,0.7625,0.775,0.75,0.7625,0.7625,0.7625,0.75,0.7625,0.75,0.75
300,0.575,0.6125,0.6,0.6125,0.6125,0.6125,0.6125,0.6125,0.6125,0.6125,0.5625,0.6,0.575,0.6,0.6,0.6,0.6,0.5875,0.5875,0.6
301,0.6125,0.6,0.6,0.6125,0.6125,0.6,0.6,0.6,0.6,0.6,0.575,0.6375,0.6625,0.6375,0.625,0.625,0.6375,0.6375,0.6375,0.6375
302,0.6625,0.625,0.65,0.6875,0.65,0.6625,0.6625,0.6375,0.65,0.65,0.625,0.6,0.625,0.6375,0.625,0.625,0.625,0.6375,0.6625,0.65
303,0.6375,0.5875,0.6125,0.6,0.6,0.6,0.5875,0.6125,0.625,0.625,0.575,0.5875,0.5875,0.6,0.6,0.6,0.5875,0.5875,0.5875,0.5875
304,0.5625,0.5875,0.5875,0.5875,0.6125,0.6,0.5875,0.6,0.6,0.6,0.5625,0.6,0.5875,0.5875,0.6125,0.6125,0.5875,0.5875,0.6,0.6
305,0.6,0.6,0.6125,0.6125,0.6125,0.6125,0.6125,0.6125,0.6125,0.6,0.625,0.6125,0.625,0.6125,0.625,0.625,0.625,0.6125,0.6125,0.625
306,0.65,0.65,0.6625,0.6375,0.6375,0.65,0.6375,0.6375,0.6375,0.6375,0.6125,0.625,0.6125,0.625,0.6375,0.6375,0.625,0.6125,0.625,0.625
307,0.675,0.6,0.6375,0.6625,0.65,0.6625,0.6625,0.6625,0.6625,0.6625,0.65,0.675,0.6625,0.6375,0.65,0.6625,0.6625,0.6625,0.6625,0.6625
308,0.6125,0.5875,0.6125,0.5875,0.5875,0.6125,0.6125,0.6125,0.6125,0.6125,0.6,0.5875,0.5875,0.575,0.6,0.6,0.6,0.6,0.6,0.6
309,0.425,0.4,0.4125,0.425,0.425,0.4125,0.4125,0.425,0.4125,0.425,0.4,0.45,0.425,0.4625,0.45,0.4625,0.4625,0.45,0.4375,0.4375
310,0.7,0.7125,0.7375,0.7375,0.7375,0.725,0.725,0.7125,0.7125,0.7125,0.725,0.7375,0.75,0.7375,0.75,0.7375,0.75,0.75,0.75,0.7375
311,0.5625,0.5625,0.55,0.5625,0.5375,0.5375,0.5375,0.55,0.525,0.5375,0.5375,0.5125,0.525,0.5375,0.5375,0.5375,0.55,0.5625,0.55,0.55
312,0.525,0.5875,0.6,0.6125,0.6125,0.6125,0.6,0.6,0.6,0.6,0.6,0.6375,0.625,0.6125,0.6,0.6125,0.625,0.6375,0.6125,0.625
313,0.5,0.5375,0.525,0.5125,0.5375,0.5375,0.525,0.525,0.525,0.525,0.525,0.525,0.525,0.5125,0.5125,0.525,0.5375,0.5375,0.5375,0.5375
314,0.55,0.6,0.5625,0.55,0.5625,0.5375,0.5625,0.5625,0.55,0.5625,0.55,0.55,0.5625,0.575,0.5625,0.55,0.5625,0.55,0.5375,0.525
315,0.5125,0.4875,0.5125,0.5125,0.525,0.5,0.5,0.5125,0.5375,0.5375,0.475,0.4875,0.475,0.4875,0.4875,0.4625,0.4875,0.4875,0.475,0.475
316,0.5375,0.5,0.5125,0.5125,0.5125,0.5,0.5125,0.5125,0.5,0.5,0.5,0.4875,0.4875,0.4875,0.4875,0.5,0.475,0.4875,0.4875,0.4875
317,0.5375,0.5625,0.575,0.55,0.575,0.575,0.575,0.575,0.575,0.575,0.55,0.55,0.55,0.5375,0.5375,0.5375,0.55,0.5625,0.5625,0.55
318,0.625,0.6875,0.6875,0.7125,0.725,0.725,0.725,0.7125,0.725,0.7125,0.7125,0.6875,0.6875,0.6625,0.675,0.675,0.6875,0.7,0.6875,0.675
319,0.6,0.6,0.575,0.575,0.6,0.5875,0.575,0.5875,0.5875,0.5875,0.625,0.575,0.5875,0.6,0.5875,0.6,0.55,0.575,0.5875,0.6
320,0.625,0.6,0.6,0.6125,0.6,0.6,0.6125,0.6125,0.6,0.5875,0.6,0.625,0.6125,0.575,0.575,0.575,0.6,0.6,0.6,0.6
321,0.5875,0.6,0.6,0.625,0.6125,0.6125,0.6,0.6375,0.625,0.6375,0.6375,0.625,0.625,0.625,0.65,0.65,0.6375,0.625,0.6125,0.6125
322,0.5875,0.575,0.575,0.575,0.575,0.5625,0.5625,0.5625,0.575,0.5625,0.575,0.525,0.55,0.575,0.5875,0.575,0.5625,0.55,0.5625,0.5625
323,0.625,0.6,0.5875,0.5875,0.6,0.6,0.6,0.6,0.6,0.6,0.6,0.6,0.6125,0.6125,0.6125,0.6,0.6,0.5875,0.5875,0.5875
324,0.5125,0.5,0.525,0.525,0.5125,0.5125,0.5125,0.5125,0.525,0.525,0.575,0.5375,0.5125,0.5125,0.525,0.5375,0.5375,0.525,0.525,0.525
325,0.5625,0.5875,0.6,0.5875,0.6125,0.625,0.6,0.6,0.6,0.6,0.575,0.6,0.5875,0.5625,0.5375,0.55,0.55,0.5625,0.5625,0.575
326,0.55,0.5375,0.5625,0.5875,0.5875,0.5625,0.575,0.55,0.575,0.575,0.5625,0.5375,0.55,0.5375,0.55,0.575,0.5625,0.5625,0.5875,0.5875
327,0.45,0.475,0.475,0.475,0.4875,0.5,0.5,0.5,0.5125,0.5125,0.5125,0.525,0.55,0.5625,0.5875,0.5875,0.5625,0.55,0.5625,0.575
328,0.5875,0.55,0.55,0.55,0.55,0.55,0.55,0.5625,0.5625,0.55,0.55,0.55,0.5625,0.575,0.525,0.525,0.5375,0.5375,0.525,0.5375
329,0.65,0.625,0.6125,0.6125,0.625,0.625,0.625,0.625,0.625,0.625,0.675,0.6375,0.675,0.6625,0.675,0.6625,0.6625,0.6625,0.65,0.6625
330,0.5625,0.5625,0.575,0.575,0.6,0.5875,0.6,0.6,0.575,0.575,0.55,0.5625,0.5625,0.5875,0.5875,0.6,0.5875,0.5875,0.575,0.575
331,0.7125,0.7,0.6875,0.7,0.6875,0.7,0.7,0.7,0.7,0.6875,0.6625,0.6375,0.6375,0.65,0.625,0.6625,0.675,0.65,0.6625,0.675
332,0.6375,0.5875,0.6125,0.6125,0.6,0.6,0.6125,0.6,0.6125,0.6125,0.6125,0.6,0.6125,0.6125,0.6125,0.6125,0.625,0.625,0.625,0.625
333,0.525,0.5125,0.5125,0.525,0.55,0.55,0.5375,0.525,0.5375,0.525,0.5,0.5,0.5,0.5125,0.5,0.5,0.475,0.475,0.475,0.4875
334,0.6125,0.6,0.5875,0.6,0.6,0.6,0.6,0.6,0.6125,0.6125,0.575,0.5625,0.6,0.6,0.6,0.6125,0.6125,0.6,0.6125,0.625
335,0.525,0.5125,0.5,0.5125,0.5125,0.5125,0.525,0.525,0.5125,0.5125,0.5375,0.525,0.5125,0.5125,0.525,0.5125,0.525,0.525,0.525,0.525
336,0.6,0.6125,0.5875,0.6375,0.625,0.5875,0.5875,0.575,0.5875,0.6,0.5875,0.6125,0.625,0.6125,0.6375,0.6375,0.625,0.6125,0.6125,0.625
337,0.525,0.5625,0.5375,0.55,0.55,0.5375,0.5375,0.525,0.55,0.525,0.5125,0.5125,0.525,0.5125,0.5375,0.5375,0.55,0.5375,0.5375,0.525
338,0.525,0.575,0.6,0.6,0.575,0.575,0.575,0.5875,0.5875,0.5875,0.5625,0.575,0.6,0.6125,0.5875,0.5875,0.5875,0.5875,0.6,0.6
339,0.475,0.5,0.4875,0.475,0.475,0.4875,0.475,0.4875,0.5,0.5,0.4625,0.475,0.4875,0.4875,0.475,0.475,0.4875,0.475,0.4875,0.475
340,0.5625,0.575,0.5625,0.55,0.55,0.55,0.525,0.525,0.5375,0.5375,0.525,0.5375,0.5625,0.5375,0.575,0.575,0.55,0.55,0.5625,0.55
341,0.6875,0.7,0.6875,0.7125,0.7,0.7,0.6875,0.7,0.7,0.7,0.6625,0.6875,0.7,0.7125,0.7125,0.7125,0.7125,0.7125,0.7125,0.6875
342,0.6625,0.65,0.675,0.65,0.6625,0.6625,0.675,0.675,0.675,0.6625,0.6625,0.6375,0.6625,0.6625,0.675,0.6625,0.6625,0.675,0.6625,0.6625
343,0.6875,0.7,0.6875,0.725,0.7,0.7,0.7,0.7,0.7,0.7,0.675,0.675,0.7,0.7,0.7,0.7,0.7125,0.7,0.7,0.7
344,0.625,0.6625,0.6375,0.65,0.625,0.65,0.675,0.675,0.675,0.675,0.625,0.6625,0.65,0.675,0.675,0.6875,0.65,0.6875,0.6875,0.675
345,0.5875,0.575,0.5875,0.6,0.5875,0.575,0.5875,0.5625,0.5625,0.5625,0.525,0.55,0.5375,0.55,0.5375,0.5375,0.55,0.5625,0.5625,0.5625
346,0.4875,0.4875,0.5,0.475,0.5125,0.475,0.4875,0.5,0.5,0.5,0.475,0.475,0.45,0.4875,0.5,0.5,0.5,0.5,0.5,0.475
347,0.675,0.6625,0.6625,0.65,0.6375,0.6375,0.65,0.6375,0.65,0.65,0.675,0.6875,0.6875,0.675,0.675,0.6625,0.6625,0.6625,0.6875,0.675
348,0.5875,0.625,0.6125,0.6625,0.675,0.625,0.625,0.6125,0.6,0.6,0.55,0.625,0.6125,0.6,0.625,0.625,0.6125,0.625,0.625,0.6125
349,0.55,0.55,0.55,0.5625,0.5375,0.55,0.5375,0.55,0.5375,0.525,0.5125,0.5125,0.5125,0.5125,0.5375,0.525,0.525,0.525,0.525,0.525
350,0.5375,0.5125,0.5125,0.55,0.525,0.5375,0.55,0.55,0.55,0.5375,0.575,0.5875,0.5625,0.5375,0.525,0.575,0.525,0.5375,0.5375,0.55
351,0.675,0.6375,0.65,0.6625,0.6625,0.6625,0.65,0.6625,0.6625,0.675,0.65,0.625,0.65,0.6375,0.65,0.6625,0.6375,0.65,0.625,0.6375
352,0.525,0.5375,0.5625,0.5625,0.55,0.5375,0.5375,0.5375,0.5375,0.5375,0.5125,0.5375,0.55,0.5625,0.5625,0.55,0.55,0.5625,0.5625,0.5625
353,0.55,0.5625,0.5625,0.575,0.575,0.575,0.5625,0.5625,0.575,0.575,0.5625,0.5625,0.5625,0.575,0.575,0.575,0.575,0.575,0.575,0.575
354,0.65,0.65,0.625,0.6375,0.6375,0.625,0.625,0.625,0.625,0.625,0.65,0.675,0.675,0.675,0.65,0.6625,0.65,0.6375,0.6375,0.65
355,0.6375,0.65,0.6125,0.6375,0.65,0.65,0.6375,0.6375,0.65,0.6375,0.65,0.625,0.5875,0.6,0.6125,0.6375,0.6375,0.6125,0.6375,0.6125
356,0.5625,0.5375,0.55,0.55,0.55,0.55,0.55,0.55,0.55,0.55,0.6,0.55,0.5375,0.5375,0.5375,0.55,0.55,0.55,0.5625,0.5625
357,0.5375,0.5375,0.55,0.55,0.5625,0.575,0.575,0.575,0.6,0.5875,0.5875,0.5875,0.6125,0.625,0.6125,0.625,0.6375,0.625,0.6375,0.6375
358,0.625,0.6375,0.6375,0.65,0.6375,0.6375,0.6375,0.6375,0.65,0.65,0.675,0.675,0.6875,0.7,0.675,0.675,0.65,0.6625,0.6375,0.65
359,0.65,0.6625,0.65,0.6625,0.6625,0.6625,0.6625,0.6625,0.6625,0.65,0.6125,0.6,0.6375,0.65,0.65,0.65,0.6375,0.6375,0.6375,0.65
360,0.625,0.575,0.6125,0.6125,0.625,0.6125,0.625,0.6125,0.6125,0.625,0.5875,0.5625,0.6125,0.5875,0.5875,0.6,0.5875,0.6,0.6125,0.6
361,0.5875,0.5875,0.6,0.625,0.6125,0.625,0.625,0.625,0.6125,0.6,0.5875,0.5875,0.6125,0.6,0.6125,0.6125,0.6125,0.6125,0.6125,0.6125
362,0.5625,0.5875,0.575,0.5875,0.6125,0.6125,0.625,0.5875,0.6,0.5875,0.5625,0.5625,0.6125,0.6,0.5875,0.5875,0.6125,0.6125,0.5875,0.6125
363,0.6875,0.725,0.7125,0.7125,0.7125,0.7,0.7125,0.7125,0.7,0.7,0.6625,0.65,0.675,0.7125,0.7125,0.7,0.675,0.7,0.675,0.6875
364,0.5375,0.5625,0.55,0.5875,0.5625,0.5375,0.55,0.55,0.5625,0.5625,0.525,0.5125,0.475,0.5,0.5,0.4875,0.5125,0.5,0.5125,0.5125
365,0.6375,0.625,0.625,0.6375,0.6375,0.625,0.625,0.625,0.625,0.625,0.675,0.675,0.675,0.65,0.6375,0.6375,0.6375,0.6375,0.6375,0.6375
366,0.4875,0.525,0.5,0.5375,0.525,0.5375,0.525,0.55,0.55,0.5625,0.5,0.5,0.5,0.5125,0.5125,0.5125,0.525,0.5,0.525,0.5
367,0.675,0.7,0.7125,0.7125,0.7125,0.725,0.7125,0.7125,0.7125,0.7125,0.6625,0.7125,0.6875,0.6875,0.7,0.7,0.675,0.6875,0.6875,0.6875
368,0.6625,0.65,0.6625,0.675,0.675,0.675,0.6875,0.6875,0.6875,0.6875,0.625,0.6375,0.625,0.6875,0.675,0.675,0.6875,0.675,0.7,0.7
369,0.425,0.425,0.425,0.4,0.4125,0.425,0.425,0.4375,0.425,0.4,0.4375,0.425,0.4375,0.425,0.4375,0.4375,0.425,0.4125,0.4125,0.4125
370,0.6625,0.6625,0.65,0.675,0.6625,0.7125,0.725,0.7125,0.675,0.7,0.7,0.7125,0.725,0.725,0.75,0.7375,0.725,0.7125,0.7125,0.7375
371,0.6125,0.6375,0.6375,0.675,0.7,0.675,0.65,0.625,0.6375,0.6625,0.675,0.725,0.7,0.675,0.675,0.6625,0.6625,0.675,0.675,0.675
372,0.5875,0.6125,0.6125,0.6375,0.6375,0.625,0.6125,0.6125,0.6125,0.6125,0.575,0.65,0.65,0.65,0.6375,0.6625,0.65,0.6625,0.65,0.6625
373,0.6625,0.6625,0.65,0.65,0.625,0.6375,0.6375,0.6375,0.65,0.65,0.6625,0.65,0.6375,0.65,0.65,0.6375,0.6375,0.6375,0.6375,0.65
374,0.625,0.6625,0.6375,0.6375,0.6375,0.6375,0.65,0.625,0.6375,0.6125,0.675,0.675,0.65,0.65,0.6625,0.625,0.6375,0.6125,0.6125,0.6125
375,0.525,0.525,0.5625,0.525,0.525,0.525,0.55,0.5375,0.5625,0.5625,0.6,0.5875,0.55,0.575,0.5875,0.6125,0.6125,0.6,0.6,0.5875
376,0.55,0.5375,0.5375,0.575,0.5875,0.5875,0.575,0.575,0.575,0.5875,0.575,0.55,0.5875,0.5625,0.575,0.5875,0.5625,0.5875,0.5625,0.5625
377,0.6875,0.7125,0.725,0.7125,0.7,0.7125,0.7125,0.7125,0.7125,0.7125,0.675,0.725,0.725,0.7125,0.7125,0.7,0.7125,0.6875,0.6875,0.6875
378,0.625,0.625,0.65,0.65,0.65,0.6375,0.6375,0.6375,0.6625,0.6625,0.65,0.65,0.65,0.65,0.6375,0.6375,0.6375,0.6375,0.6375,0.6375
379,0.6625,0.65,0.65,0.6375,0.6125,0.6125,0.6125,0.625,0.625,0.625,0.65,0.6375,0.625,0.65,0.6375,0.6625,0.65,0.65,0.6625,0.6625
380,0.625,0.675,0.675,0.65,0.6625,0.6625,0.6625,0.6625,0.675,0.675,0.65,0.65,0.6625,0.6625,0.6625,0.65,0.65,0.65,0.65,0.65
381,0.525,0.575,0.5375,0.525,0.525,0.5375,0.55,0.5375,0.55,0.5625,0.5625,0.575,0.575,0.5625,0.5625,0.575,0.5875,0.575,0.5625,0.575
382,0.675,0.675,0.675,0.7,0.7125,0.7125,0.7125,0.7125,0.7125,0.7125,0.675,0.675,0.6875,0.6875,0.6875,0.675,0.6875,0.6875,0.6875,0.6875
383,0.625,0.6375,0.625,0.625,0.625,0.6125,0.6125,0.6125,0.6125,0.6125,0.625,0.6125,0.6125,0.6125,0.6125,0.6125,0.6125,0.6125,0.6125,0.6125
384,0.55,0.525,0.5375,0.5375,0.5,0.5,0.525,0.5125,0.5125,0.525,0.5375,0.55,0.525,0.5375,0.5125,0.5375,0.5125,0.5125,0.5125,0.525
385,0.6625,0.675,0.6625,0.6625,0.65,0.6625,0.6625,0.6625,0.675,0.675,0.625,0.65,0.6625,0.6625,0.675,0.675,0.6625,0.6625,0.675,0.675
386,0.6625,0.6375,0.65,0.6375,0.6375,0.625,0.6375,0.6375,0.6375,0.625,0.6,0.6125,0.6125,0.6,0.6125,0.625,0.625,0.625,0.6125,0.6125
387,0.5625,0.575,0.6125,0.6125,0.6,0.5875,0.575,0.5625,0.5875,0.6,0.5875,0.6,0.5625,0.6125,0.6375,0.625,0.6,0.6125,0.625,0.6375
388,0.5125,0.5,0.4875,0.4875,0.5,0.5125,0.5125,0.5125,0.5125,0.525,0.475,0.5,0.4875,0.5,0.4875,0.4875,0.4875,0.4875,0.5,0.5
389,0.5875,0.5875,0.6,0.5875,0.575,0.575,0.575,0.575,0.575,0.5875,0.5875,0.6,0.5875,0.6,0.5625,0.5625,0.575,0.575,0.5625,0.5625
390,0.4375,0.5125,0.5,0.5,0.5125,0.5125,0.5125,0.5125,0.5125,0.5125,0.5125,0.525,0.525,0.525,0.5375,0.525,0.525,0.525,0.525,0.525
391,0.675,0.7,0.6875,0.675,0.6875,0.675,0.6625,0.6625,0.6625,0.6625,0.625,0.65,0.65,0.65,0.65,0.65,0.6375,0.65,0.6375,0.6375
392,0.725,0.7,0.6875,0.6875,0.675,0.6875,0.675,0.6625,0.65,0.6625,0.7,0.6875,0.6875,0.675,0.675,0.675,0.675,0.6625,0.675,0.675
393,0.65,0.625,0.6625,0.6625,0.65,0.6625,0.6375,0.65,0.65,0.65,0.6625,0.675,0.65,0.6625,0.6625,0.6625,0.65,0.675,0.6875,0.675
394,0.5625,0.625,0.6,0.5875,0.6125,0.5875,0.6,0.6125,0.6,0.5875,0.525,0.55,0.5625,0.5625,0.5875,0.5625,0.625,0.6,0.6,0.575
395,0.675,0.6375,0.675,0.675,0.65,0.675,0.6625,0.675,0.675,0.675,0.65,0.6375,0.6125,0.6125,0.6375,0.6375,0.6375,0.65,0.6375,0.6375
396,0.6375,0.625,0.6,0.6375,0.625,0.6375,0.6375,0.6375,0.6375,0.6375,0.6125,0.6125,0.6,0.6,0.6,0.6,0.6125,0.6,0.625,0.625
397,0.625,0.6375,0.625,0.625,0.6375,0.6375,0.625,0.6375,0.6375,0.65,0.65,0.6625,0.625,0.6125,0.625,0.625,0.625,0.6375,0.625,0.6125
398,0.6125,0.65,0.65,0.625,0.6375,0.6375,0.6375,0.65,0.65,0.65,0.6625,0.6625,0.6625,0.675,0.65,0.6625,0.6625,0.65,0.65,0.65
399,0.5875,0.6125,0.6,0.6,0.625,0.6,0.6,0.6,0.6125,0.6,0.6375,0.575,0.625,0.625,0.625,0.6,0.6125,0.625,0.6,0.625
400,0.55,0.5375,0.525,0.5375,0.5375,0.525,0.55,0.55,0.55,0.5375,0.5375,0.5125,0.525,0.5375,0.5375,0.55,0.5375,0.5375,0.55,0.575
401,0.5625,0.5875,0.5625,0.5625,0.575,0.55,0.5625,0.55,0.5375,0.525,0.575,0.5875,0.6,0.5625,0.55,0.5625,0.55,0.575,0.5625,0.575
402,0.675,0.675,0.675,0.65,0.6625,0.6625,0.675,0.675,0.675,0.6625,0.6625,0.6625,0.6875,0.6875,0.7,0.6875,0.6875,0.6875,0.675,0.6625
403,0.5625,0.6,0.5875,0.5875,0.575,0.575,0.55,0.55,0.575,0.5875,0.5875,0.625,0.6,0.6,0.6,0.6,0.5875,0.575,0.575,0.5625
404,0.5,0.4875,0.4875,0.475,0.4875,0.5,0.525,0.525,0.525,0.525,0.5625,0.5,0.5375,0.525,0.5125,0.55,0.5125,0.5375,0.5125,0.5375
405,0.65,0.6125,0.625,0.6375,0.6375,0.6625,0.6625,0.65,0.6375,0.65,0.6,0.675,0.6625,0.6625,0.6625,0.65,0.6125,0.6125,0.625,0.625
406,0.5875,0.5625,0.5625,0.575,0.5875,0.5875,0.5875,0.575,0.5875,0.6,0.625,0.6125,0.625,0.6125,0.575,0.5875,0.5875,0.5875,0.575,0.575
407,0.6875,0.7,0.7,0.675,0.675,0.6875,0.6875,0.6875,0.6875,0.6875,0.675,0.6625,0.7,0.7,0.6875,0.7,0.7125,0.7125,0.7,0.7
408,0.475,0.5,0.5125,0.5,0.5125,0.5125,0.5,0.5,0.5,0.5,0.5,0.5125,0.5125,0.525,0.5125,0.525,0.5125,0.5125,0.5,0.5
409,0.5875,0.625,0.6,0.625,0.625,0.625,0.625,0.6625,0.65,0.6625,0.675,0.6625,0.6625,0.675,0.6625,0.6625,0.6625,0.6625,0.6625,0.65
410,0.675,0.65,0.6625,0.6375,0.6375,0.625,0.6375,0.625,0.6125,0.6125,0.6875,0.7,0.6625,0.65,0.65,0.65,0.6625,0.6625,0.65,0.6625
411,0.65,0.6625,0.6625,0.675,0.6875,0.6875,0.6625,0.6625,0.6625,0.6625,0.6875,0.6625,0.65,0.6625,0.6625,0.6625,0.6375,0.65,0.65,0.65
412,0.5625,0.6125,0.6,0.5875,0.5875,0.6,0.5875,0.5875,0.6,0.6,0.575,0.6,0.6125,0.6,0.6125,0.6125,0.6125,0.6125,0.6,0.6
413,0.675,0.6125,0.625,0.65,0.65,0.6375,0.65,0.65,0.6375,0.65,0.6,0.6375,0.65,0.65,0.65,0.65,0.6375,0.6375,0.6375,0.6375
414,0.625,0.6,0.625,0.6125,0.625,0.6,0.625,0.6375,0.6125,0.6125,0.5875,0.65,0.65,0.65,0.625,0.6125,0.625,0.625,0.6125,0.6125
415,0.6375,0.65,0.6375,0.6125,0.6375,0.6125,0.625,0.625,0.6375,0.625,0.6125,0.6125,0.6125,0.6,0.6125,0.6125,0.6125,0.6125,0.625,0.6375
416,0.5625,0.55,0.55,0.575,0.5625,0.5625,0.5625,0.5625,0.575,0.5875,0.5625,0.5375,0.5625,0.5875,0.5625,0.5625,0.55,0.5625,0.5625,0.5625
417,0.675,0.625,0.6375,0.6375,0.65,0.6375,0.6375,0.6375,0.625,0.625,0.6125,0.5875,0.6,0.5875,0.5875,0.6,0.6125,0.6125,0.6,0.6
418,0.475,0.4375,0.4875,0.4875,0.475,0.475,0.475,0.475,0.475,0.4625,0.425,0.475,0.475,0.4875,0.4875,0.4625,0.45,0.45,0.45,0.45
419,0.5,0.4875,0.4875,0.5,0.5125,0.5125,0.525,0.525,0.525,0.525,0.55,0.525,0.4875,0.5,0.4875,0.5125,0.5,0.5,0.5,0.5
420,0.6125,0.6,0.6125,0.6125,0.625,0.625,0.6125,0.625,0.625,0.6375,0.6125,0.6375,0.65,0.6625,0.65,0.6375,0.65,0.6375,0.6375,0.6375
421,0.5625,0.5625,0.5875,0.625,0.6,0.6,0.6,0.5875,0.6,0.6,0.5875,0.5875,0.5875,0.5875,0.575,0.575,0.5875,0.575,0.5875,0.5875
422,0.675,0.6625,0.6625,0.65,0.6625,0.6625,0.6625,0.675,0.675,0.675,0.65,0.6625,0.6625,0.6625,0.65,0.6625,0.65,0.65,0.65,0.6625
423,0.5875,0.625,0.625,0.6375,0.6125,0.6125,0.625,0.6125,0.6125,0.6125,0.6,0.6,0.6375,0.6125,0.65,0.65,0.6375,0.6375,0.6375,0.6375
424,0.5625,0.575,0.5625,0.5875,0.575,0.575,0.575,0.6,0.6,0.6,0.575,0.575,0.5875,0.6,0.6,0.6,0.6,0.6,0.6,0.6
425,0.575,0.6125,0.5875,0.5875,0.575,0.575,0.575,0.5625,0.5625,0.5625,0.6125,0.6375,0.6125,0.6,0.6125,0.6125,0.6,0.6,0.6,0.6
426,0.6625,0.675,0.7125,0.7125,0.7125,0.7125,0.7125,0.7125,0.7125,0.7125,0.675,0.7125,0.725,0.7125,0.7125,0.7125,0.7,0.7125,0.7125,0.7125
427,0.6,0.575,0.575,0.5875,0.5875,0.5625,0.575,0.575,0.575,0.575,0.55,0.575,0.575,0.575,0.5625,0.55,0.5625,0.5625,0.55,0.5625
428,0.6875,0.675,0.6625,0.7,0.6875,0.7,0.7,0.7,0.7,0.7,0.675,0.675,0.675,0.6875,0.675,0.675,0.6625,0.6625,0.6625,0.6875
429,0.5125,0.525,0.5375,0.55,0.5625,0.5625,0.5625,0.5625,0.55,0.55,0.55,0.5375,0.5625,0.575,0.5875,0.5625,0.5625,0.5625,0.575,0.575
430,0.65,0.6375,0.625,0.625,0.6125,0.6375,0.6375,0.6,0.625,0.625,0.7,0.675,0.6625,0.675,0.65,0.65,0.6375,0.625,0.625,0.6375
431,0.675,0.675,0.675,0.6875,0.675,0.675,0.675,0.6875,0.675,0.675,0.7,0.6875,0.6875,0.6875,0.6875,0.6875,0.6875,0.7,0.6875,0.6875
432,0.6,0.6125,0.625,0.6375,0.625,0.6375,0.6375,0.65,0.6375,0.6375,0.6125,0.6375,0.6625,0.65,0.6625,0.65,0.6625,0.6625,0.6625,0.6625
433,0.6125,0.6125,0.6375,0.6375,0.625,0.625,0.6125,0.625,0.6125,0.6125,0.6375,0.65,0.625,0.625,0.6375,0.6625,0.675,0.65,0.65,0.6625
434,0.5625,0.5625,0.5375,0.575,0.5875,0.5875,0.6,0.575,0.575,0.5625,0.575,0.5875,0.575,0.5625,0.55,0.55,0.5375,0.5875,0.5625,0.575
435,0.65,0.625,0.6375,0.65,0.65,0.65,0.65,0.65,0.65,0.65,0.625,0.65,0.6375,0.65,0.6375,0.6375,0.6375,0.6375,0.6375,0.6375
436,0.6625,0.6625,0.675,0.6375,0.6375,0.65,0.625,0.6375,0.625,0.6375,0.65,0.65,0.6625,0.675,0.6625,0.675,0.6625,0.6625,0.6625,0.6625
437,0.7125,0.6875,0.7,0.725,0.7,0.7,0.7,0.7,0.7,0.7125,0.6875,0.7,0.7125,0.7125,0.7125,0.7125,0.7125,0.7125,0.7125,0.7125
438,0.55,0.5375,0.525,0.525,0.525,0.525,0.525,0.5375,0.5375,0.55,0.55,0.5375,0.525,0.55,0.5375,0.525,0.525,0.525,0.55,0.575
439,0.6625,0.6625,0.675,0.65,0.6375,0.6375,0.6375,0.6375,0.6375,0.625,0.6125,0.625,0.6125,0.625,0.625,0.625,0.6375,0.625,0.625,0.6375
440,0.6375,0.65,0.65,0.675,0.65,0.6375,0.6375,0.65,0.6625,0.675,0.65,0.625,0.6875,0.6625,0.6625,0.6625,0.6625,0.6625,0.6625,0.675
441,0.6,0.6125,0.6125,0.6125,0.6125,0.6125,0.6125,0.6125,0.625,0.625,0.6125,0.6375,0.625,0.625,0.625,0.625,0.6125,0.6125,0.6125,0.6125
442,0.65,0.7,0.7125,0.7,0.675,0.675,0.675,0.675,0.675,0.6875,0.65,0.6625,0.6625,0.6625,0.675,0.675,0.6625,0.675,0.675,0.675
443,0.575,0.5375,0.5375,0.55,0.5625,0.5375,0.55,0.5625,0.5625,0.575,0.5375,0.5375,0.55,0.5375,0.5375,0.55,0.5375,0.55,0.5625,0.5625
444,0.625,0.5875,0.6,0.6125,0.6125,0.625,0.6125,0.6125,0.6125,0.6,0.5875,0.5875,0.6,0.6,0.6125,0.625,0.625,0.6125,0.6125,0.6125
445,0.625,0.625,0.625,0.65,0.65,0.6375,0.625,0.625,0.6375,0.6375,0.625,0.575,0.6,0.5875,0.6125,0.5875,0.6125,0.6,0.6125,0.6125
446,0.625,0.6,0.6375,0.6625,0.625,0.6375,0.625,0.6375,0.625,0.625,0.6625,0.6875,0.6875,0.65,0.6625,0.6875,0.675,0.6875,0.675,0.675
447,0.675,0.65,0.675,0.675,0.6875,0.6875,0.7,0.6875,0.6875,0.7,0.65,0.6625,0.65,0.6625,0.675,0.6625,0.6875,0.6875,0.6875,0.7
448,0.6625,0.65,0.6375,0.6375,0.6375,0.6375,0.625,0.6375,0.6625,0.6625,0.6125,0.6375,0.6375,0.6375,0.6375,0.625,0.65,0.6625,0.6625,0.6625
449,0.5875,0.6125,0.5875,0.575,0.5625,0.575,0.575,0.575,0.5875,0.575,0.55,0.5875,0.5875,0.575,0.575,0.5875,0.5625,0.5625,0.575,0.5625
450,0.5125,0.55,0.5875,0.5875,0.5875,0.5875,0.575,0.575,0.5875,0.5875,0.5375,0.525,0.575,0.5625,0.55,0.5375,0.5375,0.5375,0.5375,0.5375
451,0.55,0.55,0.525,0.5125,0.55,0.525,0.5375,0.5375,0.55,0.5375,0.575,0.5625,0.5625,0.575,0.575,0.575,0.55,0.55,0.55,0.55
452,0.5625,0.6125,0.6125,0.5875,0.5875,0.5875,0.5875,0.575,0.575,0.575,0.55,0.5875,0.625,0.6,0.5875,0.575,0.5625,0.5875,0.5875,0.575
453,0.625,0.65,0.625,0.625,0.65,0.65,0.65,0.65,0.65,0.65,0.6375,0.625,0.5875,0.65,0.6625,0.65,0.6625,0.65,0.6375,0.6125
454,0.625,0.6125,0.5875,0.6125,0.6,0.6,0.5875,0.6,0.6,0.6,0.575,0.6,0.5875,0.6,0.6,0.6,0.6,0.6125,0.6125,0.6125
455,0.6125,0.6125,0.65,0.65,0.65,0.6375,0.65,0.65,0.65,0.65,0.6,0.5875,0.6,0.6125,0.6125,0.6,0.6125,0.6,0.6125,0.6125
456,0.6875,0.6625,0.6625,0.675,0.6875,0.6875,0.7,0.6875,0.675,0.675,0.675,0.675,0.6625,0.6625,0.65,0.6375,0.6375,0.6375,0.6375,0.625
457,0.6625,0.6125,0.6375,0.6125,0.625,0.625,0.625,0.6125,0.6125,0.6125,0.6375,0.65,0.65,0.6625,0.6625,0.6625,0.6625,0.6625,0.6625,0.6625
458,0.5625,0.6125,0.6,0.5875,0.575,0.5875,0.6,0.6,0.6,0.5875,0.5625,0.5625,0.55,0.5625,0.5625,0.5625,0.575,0.5625,0.5625,0.575
459,0.525,0.5125,0.5125,0.5125,0.5,0.5,0.5,0.5125,0.525,0.5125,0.5125,0.5125,0.5,0.5,0.5,0.5,0.5125,0.5125,0.5125,0.525
460,0.6125,0.625,0.6125,0.6,0.6125,0.6,0.6,0.6,0.6,0.6,0.6125,0.625,0.625,0.5875,0.625,0.6,0.6125,0.625,0.6375,0.625
461,0.5875,0.625,0.6125,0.625,0.6125,0.625,0.6125,0.6125,0.6125,0.6125,0.575,0.5875,0.625,0.6,0.6125,0.6125,0.6,0.6,0.6,0.6125
462,0.6125,0.6125,0.6125,0.6125,0.6125,0.625,0.625,0.625,0.625,0.625,0.6125,0.6375,0.625,0.625,0.625,0.625,0.625,0.6375,0.625,0.625
463,0.6625,0.6875,0.675,0.6625,0.675,0.675,0.675,0.6625,0.6625,0.6625,0.675,0.675,0.675,0.675,0.6875,0.7,0.7,0.7,0.7,0.6875
464,0.7,0.7125,0.675,0.675,0.7,0.6875,0.6875,0.7,0.6875,0.675,0.65,0.6375,0.6375,0.6375,0.6375,0.6375,0.6375,0.65,0.6375,0.65
465,0.6125,0.6625,0.65,0.65,0.65,0.65,0.65,0.65,0.65,0.6375,0.6625,0.6625,0.675,0.675,0.675,0.65,0.65,0.65,0.6625,0.6625
466,0.5125,0.5,0.525,0.5375,0.5375,0.5125,0.525,0.525,0.5125,0.5125,0.4625,0.4875,0.4875,0.4875,0.4875,0.5,0.5125,0.5,0.5,0.5125
467,0.5875,0.65,0.6375,0.65,0.65,0.65,0.6375,0.6375,0.65,0.65,0.575,0.575,0.575,0.5625,0.575,0.5875,0.5875,0.5875,0.575,0.575
468,0.675,0.725,0.7125,0.675,0.6875,0.6875,0.6875,0.6875,0.7125,0.7,0.6625,0.725,0.7,0.6875,0.7,0.725,0.725,0.6875,0.75,0.7375
469,0.4375,0.4625,0.4625,0.475,0.475,0.475,0.475,0.4625,0.4625,0.475,0.4625,0.4625,0.4625,0.4625,0.4875,0.475,0.475,0.475,0.475,0.475
470,0.425,0.45,0.425,0.425,0.425,0.4375,0.425,0.4375,0.425,0.45,0.4375,0.3875,0.3875,0.4125,0.45,0.4125,0.4125,0.425,0.4125,0.4125
471,0.6375,0.625,0.65,0.625,0.6125,0.625,0.625,0.625,0.625,0.625,0.6625,0.625,0.6375,0.6375,0.625,0.625,0.625,0.625,0.625,0.625
472,0.575,0.5875,0.6,0.6125,0.6,0.6,0.5875,0.6125,0.5875,0.6,0.5875,0.575,0.575,0.6125,0.625,0.625,0.6,0.5875,0.6,0.5875
473,0.625,0.6125,0.625,0.625,0.625,0.6375,0.6375,0.65,0.6375,0.6375,0.675,0.6125,0.6125,0.6125,0.625,0.65,0.65,0.6375,0.625,0.625
474,0.6375,0.675,0.6875,0.6625,0.6875,0.675,0.675,0.675,0.675,0.6875,0.7,0.675,0.6625,0.6625,0.675,0.6875,0.7,0.675,0.6625,0.675
475,0.7,0.725,0.7125,0.7125,0.7125,0.7,0.725,0.7125,0.7125,0.7,0.7375,0.7,0.7,0.7125,0.7125,0.7,0.7,0.7,0.7,0.7
476,0.5375,0.5125,0.5625,0.55,0.5375,0.55,0.5375,0.55,0.55,0.5375,0.5375,0.5375,0.55,0.5375,0.5375,0.5375,0.5625,0.55,0.55,0.55
477,0.5875,0.5875,0.6,0.6125,0.6,0.5875,0.6,0.6,0.5875,0.5875,0.5875,0.6125,0.6125,0.6125,0.6,0.6,0.6,0.6,0.6,0.6
478,0.55,0.5875,0.625,0.625,0.625,0.625,0.625,0.6375,0.6375,0.6375,0.6,0.6,0.65,0.6375,0.625,0.6375,0.625,0.625,0.6375,0.6375
479,0.625,0.625,0.6,0.6125,0.625,0.6375,0.6375,0.6375,0.6375,0.6375,0.6375,0.65,0.6125,0.6125,0.65,0.65,0.65,0.6375,0.65,0.6375
480,0.55,0.575,0.5625,0.575,0.575,0.575,0.5875,0.5875,0.5875,0.5875,0.5375,0.5125,0.5125,0.5125,0.5375,0.525,0.55,0.525,0.5375,0.5375
481,0.675,0.65,0.65,0.65,0.65,0.65,0.6625,0.6625,0.65,0.6625,0.6375,0.6375,0.65,0.65,0.6375,0.65,0.625,0.65,0.65,0.65
482,0.5625,0.5875,0.5875,0.6,0.5875,0.6125,0.6125,0.5875,0.6,0.6125,0.575,0.5625,0.575,0.575,0.575,0.575,0.5625,0.55,0.5875,0.575
483,0.625,0.625,0.6375,0.625,0.625,0.625,0.625,0.625,0.6375,0.625,0.6375,0.625,0.6375,0.6375,0.6375,0.6375,0.6375,0.6375,0.6375,0.6375
484,0.675,0.675,0.675,0.675,0.675,0.675,0.675,0.675,0.675,0.675,0.6875,0.675,0.675,0.675,0.675,0.6625,0.6875,0.6875,0.6875,0.7
485,0.4875,0.5125,0.55,0.5625,0.5625,0.55,0.55,0.55,0.5375,0.5625,0.5,0.5375,0.55,0.575,0.55,0.5625,0.5625,0.55,0.55,0.55
486,0.5875,0.6125,0.575,0.5875,0.5875,0.5875,0.5875,0.5875,0.5875,0.5875,0.5875,0.5625,0.5625,0.5625,0.5875,0.5875,0.6,0.6,0.575,0.5625
487,0.5625,0.5875,0.55,0.5375,0.5125,0.5375,0.5375,0.525,0.5625,0.55,0.5625,0.5625,0.5625,0.5375,0.525,0.525,0.5125,0.5375,0.5625,0.5375
488,0.675,0.675,0.6375,0.625,0.6375,0.65,0.6375,0.6375,0.625,0.65,0.6125,0.6125,0.6125,0.65,0.65,0.6625,0.6625,0.6375,0.6375,0.6375
489,0.5875,0.5625,0.5625,0.55,0.5375,0.5375,0.5375,0.5375,0.5375,0.5375,0.5375,0.5625,0.5125,0.525,0.525,0.5375,0.5125,0.5125,0.525,0.5125
490,0.65,0.6375,0.625,0.6125,0.65,0.65,0.65,0.65,0.65,0.65,0.6625,0.6625,0.675,0.65,0.65,0.6625,0.6375,0.65,0.65,0.6625
491,0.7,0.7,0.7,0.675,0.725,0.7125,0.7125,0.7125,0.7125,0.7125,0.7375,0.7375,0.7125,0.7125,0.7125,0.725,0.725,0.7125,0.725,0.7375
492,0.475,0.5,0.5125,0.5125,0.5375,0.525,0.5125,0.525,0.5125,0.5125,0.5125,0.5,0.5,0.5,0.5125,0.5125,0.5125,0.5125,0.5125,0.5
493,0.55,0.5875,0.575,0.575,0.5875,0.6,0.6,0.575,0.575,0.575,0.5625,0.5625,0.55,0.55,0.5625,0.575,0.575,0.5625,0.575,0.575
494,0.6625,0.625,0.625,0.6375,0.65,0.625,0.6125,0.625,0.6125,0.6125,0.6125,0.6125,0.625,0.6125,0.6125,0.6,0.6,0.6,0.6,0.6
495,0.6875,0.6625,0.6875,0.6875,0.6875,0.675,0.675,0.675,0.675,0.675,0.6625,0.6625,0.675,0.6625,0.675,0.6625,0.6625,0.6625,0.6625,0.6875
496,0.5,0.475,0.4875,0.5125,0.525,0.5,0.5,0.4875,0.4875,0.5125,0.5125,0.5375,0.525,0.5125,0.525,0.525,0.5125,0.5125,0.5125,0.5
497,0.5875,0.525,0.5125,0.5125,0.525,0.525,0.5375,0.525,0.5125,0.5125,0.525,0.525,0.525,0.55,0.525,0.5375,0.525,0.55,0.55,0.55
498,0.6375,0.625,0.6,0.625,0.6375,0.6375,0.65,0.65,0.6375,0.6375,0.6375,0.6125,0.625,0.6,0.6,0.6,0.6,0.6,0.6,0.5875
499,0.525,0.5,0.4875,0.5,0.5,0.5,0.5,0.525,0.5125,0.5125,0.4875,0.5125,0.5125,0.5125,0.525,0.4875,0.5125,0.5125,0.5,0.4875
